{ "frames": {
   "102-Pumpkin_sheet 0.aseprite": {
    "frame": { "x": 0, "y": 0, "w": 100, "h": 100 },
    "rotated": false,
    "trimmed": false,
    "spriteSourceSize": { "x": 0, "y": 0, "w": 100, "h": 100 },
    "sourceSize": { "w": 100, "h": 100 },
    "duration": 100
   },
   "102-Pumpkin_sheet 1.aseprite": {
    "frame": { "x": 100, "y": 0, "w": 100, "h": 100 },
    "rotated": false,
    "trimmed": false,
    "spriteSourceSize": { "x": 0, "y": 0, "w": 100, "h": 100 },
    "sourceSize": { "w": 100, "h": 100 },
    "duration": 100
   },
   "102-Pumpkin_sheet 2.aseprite": {
    "frame": { "x": 200, "y": 0, "w": 100, "h": 100 },
    "rotated": false,
    "trimmed": false,
    "spriteSourceSize": { "x": 0, "y": 0, "w": 100, "h": 100 },
    "sourceSize": { "w": 100, "h": 100 },
    "duration": 100
   },
   "102-Pumpkin_sheet 3.aseprite": {
    "frame": { "x": 300, "y": 0, "w": 100, "h": 100 },
    "rotated": false,
    "trimmed": false,
    "spriteSourceSize": { "x": 0, "y": 0, "w": 100, "h": 100 },
    "sourceSize": { "w": 100, "h": 100 },
    "duration": 100
   },
   "102-Pumpkin_sheet 4.aseprite": {
    "frame": { "x": 400, "y": 0, "w": 100, "h": 100 },
    "rotated": false,
    "trimmed": false,
    "spriteSourceSize": { "x": 0, "y": 0, "w": 100, "h": 100 },
    "sourceSize": { "w": 100, "h": 100 },
    "duration": 100
   },
   "102-Pumpkin_sheet 5.aseprite": {
    "frame": { "x": 500, "y": 0, "w": 100, "h": 100 },
    "rotated": false,
    "trimmed": false,
    "spriteSourceSize": { "x": 0, "y": 0, "w": 100, "h": 100 },
    "sourceSize": { "w": 100, "h": 100 },
    "duration": 100
   },
   "102-Pumpkin_sheet 6.aseprite": {
    "frame": { "x": 600, "y": 0, "w": 100, "h": 100 },
    "rotated": false,
    "trimmed": false,
    "spriteSourceSize": { "x": 0, "y": 0, "w": 100, "h": 100 },
    "sourceSize": { "w": 100, "h": 100 },
    "duration": 100
   },
   "102-Pumpkin_sheet 7.aseprite": {
    "frame": { "x": 700, "y": 0, "w": 100, "h": 100 },
    "rotated": false,
    "trimmed": false,
    "spriteSourceSize": { "x": 0, "y": 0, "w": 100, "h": 100 },
    "sourceSize": { "w": 100, "h": 100 },
    "duration": 100
   },
   "102-Pumpkin_sheet 8.aseprite": {
    "frame": { "x": 800, "y": 0, "w": 100, "h": 100 },
    "rotated": false,
    "trimmed": false,
    "spriteSourceSize": { "x": 0, "y": 0, "w": 100, "h": 100 },
    "sourceSize": { "w": 100, "h": 100 },
    "duration": 100
   },
   "102-Pumpkin_sheet 9.aseprite": {
    "frame": { "x": 900, "y": 0, "w": 100, "h": 100 },
    "rotated": false,
    "trimmed": false,
    "spriteSourceSize": { "x": 0, "y": 0, "w": 100, "h": 100 },
    "sourceSize": { "w": 100, "h": 100 },
    "duration": 100
   },
   "102-Pumpkin_sheet 10.aseprite": {
    "frame": { "x": 0, "y": 100, "w": 100, "h": 100 },
    "rotated": false,
    "trimmed": false,
    "spriteSourceSize": { "x": 0, "y": 0, "w": 100, "h": 100 },
    "sourceSize": { "w": 100, "h": 100 },
    "duration": 100
   },
   "102-Pumpkin_sheet 11.aseprite": {
    "frame": { "x": 100, "y": 100, "w": 100, "h": 100 },
    "rotated": false,
    "trimmed": false,
    "spriteSourceSize": { "x": 0, "y": 0, "w": 100, "h": 100 },
    "sourceSize": { "w": 100, "h": 100 },
    "duration": 100
   },
   "102-Pumpkin_sheet 12.aseprite": {
    "frame": { "x": 200, "y": 100, "w": 100, "h": 100 },
    "rotated": false,
    "trimmed": false,
    "spriteSourceSize": { "x": 0, "y": 0, "w": 100, "h": 100 },
    "sourceSize": { "w": 100, "h": 100 },
    "duration": 100
   },
   "102-Pumpkin_sheet 13.aseprite": {
    "frame": { "x": 300, "y": 100, "w": 100, "h": 100 },
    "rotated": false,
    "trimmed": false,
    "spriteSourceSize": { "x": 0, "y": 0, "w": 100, "h": 100 },
    "sourceSize": { "w": 100, "h": 100 },
    "duration": 100
   },
   "102-Pumpkin_sheet 14.aseprite": {
    "frame": { "x": 400, "y": 100, "w": 100, "h": 100 },
    "rotated": false,
    "trimmed": false,
    "spriteSourceSize": { "x": 0, "y": 0, "w": 100, "h": 100 },
    "sourceSize": { "w": 100, "h": 100 },
    "duration": 100
   },
   "102-Pumpkin_sheet 15.aseprite": {
    "frame": { "x": 500, "y": 100, "w": 100, "h": 100 },
    "rotated": false,
    "trimmed": false,
    "spriteSourceSize": { "x": 0, "y": 0, "w": 100, "h": 100 },
    "sourceSize": { "w": 100, "h": 100 },
    "duration": 100
   },
   "102-Pumpkin_sheet 16.aseprite": {
    "frame": { "x": 600, "y": 100, "w": 100, "h": 100 },
    "rotated": false,
    "trimmed": false,
    "spriteSourceSize": { "x": 0, "y": 0, "w": 100, "h": 100 },
    "sourceSize": { "w": 100, "h": 100 },
    "duration": 100
   },
   "102-Pumpkin_sheet 17.aseprite": {
    "frame": { "x": 700, "y": 100, "w": 100, "h": 100 },
    "rotated": false,
    "trimmed": false,
    "spriteSourceSize": { "x": 0, "y": 0, "w": 100, "h": 100 },
    "sourceSize": { "w": 100, "h": 100 },
    "duration": 100
   },
   "102-Pumpkin_sheet 18.aseprite": {
    "frame": { "x": 800, "y": 100, "w": 100, "h": 100 },
    "rotated": false,
    "trimmed": false,
    "spriteSourceSize": { "x": 0, "y": 0, "w": 100, "h": 100 },
    "sourceSize": { "w": 100, "h": 100 },
    "duration": 100
   },
   "102-Pumpkin_sheet 19.aseprite": {
    "frame": { "x": 900, "y": 100, "w": 100, "h": 100 },
    "rotated": false,
    "trimmed": false,
    "spriteSourceSize": { "x": 0, "y": 0, "w": 100, "h": 100 },
    "sourceSize": { "w": 100, "h": 100 },
    "duration": 100
   },
   "102-Pumpkin_sheet 20.aseprite": {
    "frame": { "x": 0, "y": 200, "w": 100, "h": 100 },
    "rotated": false,
    "trimmed": false,
    "spriteSourceSize": { "x": 0, "y": 0, "w": 100, "h": 100 },
    "sourceSize": { "w": 100, "h": 100 },
    "duration": 100
   },
   "102-Pumpkin_sheet 21.aseprite": {
    "frame": { "x": 100, "y": 200, "w": 100, "h": 100 },
    "rotated": false,
    "trimmed": false,
    "spriteSourceSize": { "x": 0, "y": 0, "w": 100, "h": 100 },
    "sourceSize": { "w": 100, "h": 100 },
    "duration": 100
   },
   "102-Pumpkin_sheet 22.aseprite": {
    "frame": { "x": 200, "y": 200, "w": 100, "h": 100 },
    "rotated": false,
    "trimmed": false,
    "spriteSourceSize": { "x": 0, "y": 0, "w": 100, "h": 100 },
    "sourceSize": { "w": 100, "h": 100 },
    "duration": 100
   },
   "102-Pumpkin_sheet 23.aseprite": {
    "frame": { "x": 300, "y": 200, "w": 100, "h": 100 },
    "rotated": false,
    "trimmed": false,
    "spriteSourceSize": { "x": 0, "y": 0, "w": 100, "h": 100 },
    "sourceSize": { "w": 100, "h": 100 },
    "duration": 100
   },
   "102-Pumpkin_sheet 24.aseprite": {
    "frame": { "x": 400, "y": 200, "w": 100, "h": 100 },
    "rotated": false,
    "trimmed": false,
    "spriteSourceSize": { "x": 0, "y": 0, "w": 100, "h": 100 },
    "sourceSize": { "w": 100, "h": 100 },
    "duration": 100
   },
   "102-Pumpkin_sheet 25.aseprite": {
    "frame": { "x": 500, "y": 200, "w": 100, "h": 100 },
    "rotated": false,
    "trimmed": false,
    "spriteSourceSize": { "x": 0, "y": 0, "w": 100, "h": 100 },
    "sourceSize": { "w": 100, "h": 100 },
    "duration": 100
   },
   "102-Pumpkin_sheet 26.aseprite": {
    "frame": { "x": 600, "y": 200, "w": 100, "h": 100 },
    "rotated": false,
    "trimmed": false,
    "spriteSourceSize": { "x": 0, "y": 0, "w": 100, "h": 100 },
    "sourceSize": { "w": 100, "h": 100 },
    "duration": 100
   },
   "102-Pumpkin_sheet 27.aseprite": {
    "frame": { "x": 700, "y": 200, "w": 100, "h": 100 },
    "rotated": false,
    "trimmed": false,
    "spriteSourceSize": { "x": 0, "y": 0, "w": 100, "h": 100 },
    "sourceSize": { "w": 100, "h": 100 },
    "duration": 100
   },
   "102-Pumpkin_sheet 28.aseprite": {
    "frame": { "x": 800, "y": 200, "w": 100, "h": 100 },
    "rotated": false,
    "trimmed": false,
    "spriteSourceSize": { "x": 0, "y": 0, "w": 100, "h": 100 },
    "sourceSize": { "w": 100, "h": 100 },
    "duration": 100
   },
   "102-Pumpkin_sheet 29.aseprite": {
    "frame": { "x": 900, "y": 200, "w": 100, "h": 100 },
    "rotated": false,
    "trimmed": false,
    "spriteSourceSize": { "x": 0, "y": 0, "w": 100, "h": 100 },
    "sourceSize": { "w": 100, "h": 100 },
    "duration": 100
   },
   "102-Pumpkin_sheet 30.aseprite": {
    "frame": { "x": 0, "y": 300, "w": 100, "h": 100 },
    "rotated": false,
    "trimmed": false,
    "spriteSourceSize": { "x": 0, "y": 0, "w": 100, "h": 100 },
    "sourceSize": { "w": 100, "h": 100 },
    "duration": 100
   },
   "102-Pumpkin_sheet 31.aseprite": {
    "frame": { "x": 100, "y": 300, "w": 100, "h": 100 },
    "rotated": false,
    "trimmed": false,
    "spriteSourceSize": { "x": 0, "y": 0, "w": 100, "h": 100 },
    "sourceSize": { "w": 100, "h": 100 },
    "duration": 100
   },
   "102-Pumpkin_sheet 32.aseprite": {
    "frame": { "x": 200, "y": 300, "w": 100, "h": 100 },
    "rotated": false,
    "trimmed": false,
    "spriteSourceSize": { "x": 0, "y": 0, "w": 100, "h": 100 },
    "sourceSize": { "w": 100, "h": 100 },
    "duration": 100
   },
   "102-Pumpkin_sheet 33.aseprite": {
    "frame": { "x": 300, "y": 300, "w": 100, "h": 100 },
    "rotated": false,
    "trimmed": false,
    "spriteSourceSize": { "x": 0, "y": 0, "w": 100, "h": 100 },
    "sourceSize": { "w": 100, "h": 100 },
    "duration": 100
   },
   "102-Pumpkin_sheet 34.aseprite": {
    "frame": { "x": 400, "y": 300, "w": 100, "h": 100 },
    "rotated": false,
    "trimmed": false,
    "spriteSourceSize": { "x": 0, "y": 0, "w": 100, "h": 100 },
    "sourceSize": { "w": 100, "h": 100 },
    "duration": 100
   },
   "102-Pumpkin_sheet 35.aseprite": {
    "frame": { "x": 500, "y": 300, "w": 100, "h": 100 },
    "rotated": false,
    "trimmed": false,
    "spriteSourceSize": { "x": 0, "y": 0, "w": 100, "h": 100 },
    "sourceSize": { "w": 100, "h": 100 },
    "duration": 100
   },
   "102-Pumpkin_sheet 36.aseprite": {
    "frame": { "x": 600, "y": 300, "w": 100, "h": 100 },
    "rotated": false,
    "trimmed": false,
    "spriteSourceSize": { "x": 0, "y": 0, "w": 100, "h": 100 },
    "sourceSize": { "w": 100, "h": 100 },
    "duration": 100
   },
   "102-Pumpkin_sheet 37.aseprite": {
    "frame": { "x": 700, "y": 300, "w": 100, "h": 100 },
    "rotated": false,
    "trimmed": false,
    "spriteSourceSize": { "x": 0, "y": 0, "w": 100, "h": 100 },
    "sourceSize": { "w": 100, "h": 100 },
    "duration": 100
   },
   "102-Pumpkin_sheet 38.aseprite": {
    "frame": { "x": 800, "y": 300, "w": 100, "h": 100 },
    "rotated": false,
    "trimmed": false,
    "spriteSourceSize": { "x": 0, "y": 0, "w": 100, "h": 100 },
    "sourceSize": { "w": 100, "h": 100 },
    "duration": 100
   },
   "102-Pumpkin_sheet 39.aseprite": {
    "frame": { "x": 900, "y": 300, "w": 100, "h": 100 },
    "rotated": false,
    "trimmed": false,
    "spriteSourceSize": { "x": 0, "y": 0, "w": 100, "h": 100 },
    "sourceSize": { "w": 100, "h": 100 },
    "duration": 100
   },
   "102-Pumpkin_sheet 40.aseprite": {
    "frame": { "x": 0, "y": 400, "w": 100, "h": 100 },
    "rotated": false,
    "trimmed": false,
    "spriteSourceSize": { "x": 0, "y": 0, "w": 100, "h": 100 },
    "sourceSize": { "w": 100, "h": 100 },
    "duration": 100
   },
   "102-Pumpkin_sheet 41.aseprite": {
    "frame": { "x": 100, "y": 400, "w": 100, "h": 100 },
    "rotated": false,
    "trimmed": false,
    "spriteSourceSize": { "x": 0, "y": 0, "w": 100, "h": 100 },
    "sourceSize": { "w": 100, "h": 100 },
    "duration": 100
   },
   "102-Pumpkin_sheet 42.aseprite": {
    "frame": { "x": 200, "y": 400, "w": 100, "h": 100 },
    "rotated": false,
    "trimmed": false,
    "spriteSourceSize": { "x": 0, "y": 0, "w": 100, "h": 100 },
    "sourceSize": { "w": 100, "h": 100 },
    "duration": 100
   },
   "102-Pumpkin_sheet 43.aseprite": {
    "frame": { "x": 300, "y": 400, "w": 100, "h": 100 },
    "rotated": false,
    "trimmed": false,
    "spriteSourceSize": { "x": 0, "y": 0, "w": 100, "h": 100 },
    "sourceSize": { "w": 100, "h": 100 },
    "duration": 100
   },
   "102-Pumpkin_sheet 44.aseprite": {
    "frame": { "x": 400, "y": 400, "w": 100, "h": 100 },
    "rotated": false,
    "trimmed": false,
    "spriteSourceSize": { "x": 0, "y": 0, "w": 100, "h": 100 },
    "sourceSize": { "w": 100, "h": 100 },
    "duration": 100
   },
   "102-Pumpkin_sheet 45.aseprite": {
    "frame": { "x": 500, "y": 400, "w": 100, "h": 100 },
    "rotated": false,
    "trimmed": false,
    "spriteSourceSize": { "x": 0, "y": 0, "w": 100, "h": 100 },
    "sourceSize": { "w": 100, "h": 100 },
    "duration": 100
   },
   "102-Pumpkin_sheet 46.aseprite": {
    "frame": { "x": 600, "y": 400, "w": 100, "h": 100 },
    "rotated": false,
    "trimmed": false,
    "spriteSourceSize": { "x": 0, "y": 0, "w": 100, "h": 100 },
    "sourceSize": { "w": 100, "h": 100 },
    "duration": 100
   },
   "102-Pumpkin_sheet 47.aseprite": {
    "frame": { "x": 700, "y": 400, "w": 100, "h": 100 },
    "rotated": false,
    "trimmed": false,
    "spriteSourceSize": { "x": 0, "y": 0, "w": 100, "h": 100 },
    "sourceSize": { "w": 100, "h": 100 },
    "duration": 100
   },
   "102-Pumpkin_sheet 48.aseprite": {
    "frame": { "x": 800, "y": 400, "w": 100, "h": 100 },
    "rotated": false,
    "trimmed": false,
    "spriteSourceSize": { "x": 0, "y": 0, "w": 100, "h": 100 },
    "sourceSize": { "w": 100, "h": 100 },
    "duration": 100
   },
   "102-Pumpkin_sheet 49.aseprite": {
    "frame": { "x": 900, "y": 400, "w": 100, "h": 100 },
    "rotated": false,
    "trimmed": false,
    "spriteSourceSize": { "x": 0, "y": 0, "w": 100, "h": 100 },
    "sourceSize": { "w": 100, "h": 100 },
    "duration": 100
   },
   "102-Pumpkin_sheet 50.aseprite": {
    "frame": { "x": 0, "y": 500, "w": 100, "h": 100 },
    "rotated": false,
    "trimmed": false,
    "spriteSourceSize": { "x": 0, "y": 0, "w": 100, "h": 100 },
    "sourceSize": { "w": 100, "h": 100 },
    "duration": 100
   },
   "102-Pumpkin_sheet 51.aseprite": {
    "frame": { "x": 100, "y": 500, "w": 100, "h": 100 },
    "rotated": false,
    "trimmed": false,
    "spriteSourceSize": { "x": 0, "y": 0, "w": 100, "h": 100 },
    "sourceSize": { "w": 100, "h": 100 },
    "duration": 100
   },
   "102-Pumpkin_sheet 52.aseprite": {
    "frame": { "x": 200, "y": 500, "w": 100, "h": 100 },
    "rotated": false,
    "trimmed": false,
    "spriteSourceSize": { "x": 0, "y": 0, "w": 100, "h": 100 },
    "sourceSize": { "w": 100, "h": 100 },
    "duration": 100
   },
   "102-Pumpkin_sheet 53.aseprite": {
    "frame": { "x": 300, "y": 500, "w": 100, "h": 100 },
    "rotated": false,
    "trimmed": false,
    "spriteSourceSize": { "x": 0, "y": 0, "w": 100, "h": 100 },
    "sourceSize": { "w": 100, "h": 100 },
    "duration": 100
   },
   "102-Pumpkin_sheet 54.aseprite": {
    "frame": { "x": 400, "y": 500, "w": 100, "h": 100 },
    "rotated": false,
    "trimmed": false,
    "spriteSourceSize": { "x": 0, "y": 0, "w": 100, "h": 100 },
    "sourceSize": { "w": 100, "h": 100 },
    "duration": 100
   },
   "102-Pumpkin_sheet 55.aseprite": {
    "frame": { "x": 500, "y": 500, "w": 100, "h": 100 },
    "rotated": false,
    "trimmed": false,
    "spriteSourceSize": { "x": 0, "y": 0, "w": 100, "h": 100 },
    "sourceSize": { "w": 100, "h": 100 },
    "duration": 100
   },
   "102-Pumpkin_sheet 56.aseprite": {
    "frame": { "x": 600, "y": 500, "w": 100, "h": 100 },
    "rotated": false,
    "trimmed": false,
    "spriteSourceSize": { "x": 0, "y": 0, "w": 100, "h": 100 },
    "sourceSize": { "w": 100, "h": 100 },
    "duration": 100
   },
   "102-Pumpkin_sheet 57.aseprite": {
    "frame": { "x": 700, "y": 500, "w": 100, "h": 100 },
    "rotated": false,
    "trimmed": false,
    "spriteSourceSize": { "x": 0, "y": 0, "w": 100, "h": 100 },
    "sourceSize": { "w": 100, "h": 100 },
    "duration": 100
   },
   "102-Pumpkin_sheet 58.aseprite": {
    "frame": { "x": 800, "y": 500, "w": 100, "h": 100 },
    "rotated": false,
    "trimmed": false,
    "spriteSourceSize": { "x": 0, "y": 0, "w": 100, "h": 100 },
    "sourceSize": { "w": 100, "h": 100 },
    "duration": 100
   },
   "102-Pumpkin_sheet 59.aseprite": {
    "frame": { "x": 900, "y": 500, "w": 100, "h": 100 },
    "rotated": false,
    "trimmed": false,
    "spriteSourceSize": { "x": 0, "y": 0, "w": 100, "h": 100 },
    "sourceSize": { "w": 100, "h": 100 },
    "duration": 100
   },
   "102-Pumpkin_sheet 60.aseprite": {
    "frame": { "x": 0, "y": 600, "w": 100, "h": 100 },
    "rotated": false,
    "trimmed": false,
    "spriteSourceSize": { "x": 0, "y": 0, "w": 100, "h": 100 },
    "sourceSize": { "w": 100, "h": 100 },
    "duration": 100
   },
   "102-Pumpkin_sheet 61.aseprite": {
    "frame": { "x": 100, "y": 600, "w": 100, "h": 100 },
    "rotated": false,
    "trimmed": false,
    "spriteSourceSize": { "x": 0, "y": 0, "w": 100, "h": 100 },
    "sourceSize": { "w": 100, "h": 100 },
    "duration": 100
   },
   "102-Pumpkin_sheet 62.aseprite": {
    "frame": { "x": 200, "y": 600, "w": 100, "h": 100 },
    "rotated": false,
    "trimmed": false,
    "spriteSourceSize": { "x": 0, "y": 0, "w": 100, "h": 100 },
    "sourceSize": { "w": 100, "h": 100 },
    "duration": 100
   },
   "102-Pumpkin_sheet 63.aseprite": {
    "frame": { "x": 300, "y": 600, "w": 100, "h": 100 },
    "rotated": false,
    "trimmed": false,
    "spriteSourceSize": { "x": 0, "y": 0, "w": 100, "h": 100 },
    "sourceSize": { "w": 100, "h": 100 },
    "duration": 100
   },
   "102-Pumpkin_sheet 64.aseprite": {
    "frame": { "x": 400, "y": 600, "w": 100, "h": 100 },
    "rotated": false,
    "trimmed": false,
    "spriteSourceSize": { "x": 0, "y": 0, "w": 100, "h": 100 },
    "sourceSize": { "w": 100, "h": 100 },
    "duration": 100
   },
   "102-Pumpkin_sheet 65.aseprite": {
    "frame": { "x": 500, "y": 600, "w": 100, "h": 100 },
    "rotated": false,
    "trimmed": false,
    "spriteSourceSize": { "x": 0, "y": 0, "w": 100, "h": 100 },
    "sourceSize": { "w": 100, "h": 100 },
    "duration": 100
   },
   "102-Pumpkin_sheet 66.aseprite": {
    "frame": { "x": 600, "y": 600, "w": 100, "h": 100 },
    "rotated": false,
    "trimmed": false,
    "spriteSourceSize": { "x": 0, "y": 0, "w": 100, "h": 100 },
    "sourceSize": { "w": 100, "h": 100 },
    "duration": 100
   },
   "102-Pumpkin_sheet 67.aseprite": {
    "frame": { "x": 700, "y": 600, "w": 100, "h": 100 },
    "rotated": false,
    "trimmed": false,
    "spriteSourceSize": { "x": 0, "y": 0, "w": 100, "h": 100 },
    "sourceSize": { "w": 100, "h": 100 },
    "duration": 100
   },
   "102-Pumpkin_sheet 68.aseprite": {
    "frame": { "x": 800, "y": 600, "w": 100, "h": 100 },
    "rotated": false,
    "trimmed": false,
    "spriteSourceSize": { "x": 0, "y": 0, "w": 100, "h": 100 },
    "sourceSize": { "w": 100, "h": 100 },
    "duration": 100
   },
   "102-Pumpkin_sheet 69.aseprite": {
    "frame": { "x": 900, "y": 600, "w": 100, "h": 100 },
    "rotated": false,
    "trimmed": false,
    "spriteSourceSize": { "x": 0, "y": 0, "w": 100, "h": 100 },
    "sourceSize": { "w": 100, "h": 100 },
    "duration": 100
   },
   "102-Pumpkin_sheet 70.aseprite": {
    "frame": { "x": 0, "y": 700, "w": 100, "h": 100 },
    "rotated": false,
    "trimmed": false,
    "spriteSourceSize": { "x": 0, "y": 0, "w": 100, "h": 100 },
    "sourceSize": { "w": 100, "h": 100 },
    "duration": 100
   },
   "102-Pumpkin_sheet 71.aseprite": {
    "frame": { "x": 100, "y": 700, "w": 100, "h": 100 },
    "rotated": false,
    "trimmed": false,
    "spriteSourceSize": { "x": 0, "y": 0, "w": 100, "h": 100 },
    "sourceSize": { "w": 100, "h": 100 },
    "duration": 100
   },
   "102-Pumpkin_sheet 72.aseprite": {
    "frame": { "x": 200, "y": 700, "w": 100, "h": 100 },
    "rotated": false,
    "trimmed": false,
    "spriteSourceSize": { "x": 0, "y": 0, "w": 100, "h": 100 },
    "sourceSize": { "w": 100, "h": 100 },
    "duration": 100
   },
   "102-Pumpkin_sheet 73.aseprite": {
    "frame": { "x": 300, "y": 700, "w": 100, "h": 100 },
    "rotated": false,
    "trimmed": false,
    "spriteSourceSize": { "x": 0, "y": 0, "w": 100, "h": 100 },
    "sourceSize": { "w": 100, "h": 100 },
    "duration": 100
   },
   "102-Pumpkin_sheet 74.aseprite": {
    "frame": { "x": 400, "y": 700, "w": 100, "h": 100 },
    "rotated": false,
    "trimmed": false,
    "spriteSourceSize": { "x": 0, "y": 0, "w": 100, "h": 100 },
    "sourceSize": { "w": 100, "h": 100 },
    "duration": 100
   },
   "102-Pumpkin_sheet 75.aseprite": {
    "frame": { "x": 500, "y": 700, "w": 100, "h": 100 },
    "rotated": false,
    "trimmed": false,
    "spriteSourceSize": { "x": 0, "y": 0, "w": 100, "h": 100 },
    "sourceSize": { "w": 100, "h": 100 },
    "duration": 100
   },
   "102-Pumpkin_sheet 76.aseprite": {
    "frame": { "x": 600, "y": 700, "w": 100, "h": 100 },
    "rotated": false,
    "trimmed": false,
    "spriteSourceSize": { "x": 0, "y": 0, "w": 100, "h": 100 },
    "sourceSize": { "w": 100, "h": 100 },
    "duration": 100
   },
   "102-Pumpkin_sheet 77.aseprite": {
    "frame": { "x": 700, "y": 700, "w": 100, "h": 100 },
    "rotated": false,
    "trimmed": false,
    "spriteSourceSize": { "x": 0, "y": 0, "w": 100, "h": 100 },
    "sourceSize": { "w": 100, "h": 100 },
    "duration": 100
   },
   "102-Pumpkin_sheet 78.aseprite": {
    "frame": { "x": 800, "y": 700, "w": 100, "h": 100 },
    "rotated": false,
    "trimmed": false,
    "spriteSourceSize": { "x": 0, "y": 0, "w": 100, "h": 100 },
    "sourceSize": { "w": 100, "h": 100 },
    "duration": 100
   },
   "102-Pumpkin_sheet 79.aseprite": {
    "frame": { "x": 900, "y": 700, "w": 100, "h": 100 },
    "rotated": false,
    "trimmed": false,
    "spriteSourceSize": { "x": 0, "y": 0, "w": 100, "h": 100 },
    "sourceSize": { "w": 100, "h": 100 },
    "duration": 100
   },
   "102-Pumpkin_sheet 80.aseprite": {
    "frame": { "x": 0, "y": 800, "w": 100, "h": 100 },
    "rotated": false,
    "trimmed": false,
    "spriteSourceSize": { "x": 0, "y": 0, "w": 100, "h": 100 },
    "sourceSize": { "w": 100, "h": 100 },
    "duration": 100
   },
   "102-Pumpkin_sheet 81.aseprite": {
    "frame": { "x": 100, "y": 800, "w": 100, "h": 100 },
    "rotated": false,
    "trimmed": false,
    "spriteSourceSize": { "x": 0, "y": 0, "w": 100, "h": 100 },
    "sourceSize": { "w": 100, "h": 100 },
    "duration": 100
   },
   "102-Pumpkin_sheet 82.aseprite": {
    "frame": { "x": 200, "y": 800, "w": 100, "h": 100 },
    "rotated": false,
    "trimmed": false,
    "spriteSourceSize": { "x": 0, "y": 0, "w": 100, "h": 100 },
    "sourceSize": { "w": 100, "h": 100 },
    "duration": 100
   },
   "102-Pumpkin_sheet 83.aseprite": {
    "frame": { "x": 300, "y": 800, "w": 100, "h": 100 },
    "rotated": false,
    "trimmed": false,
    "spriteSourceSize": { "x": 0, "y": 0, "w": 100, "h": 100 },
    "sourceSize": { "w": 100, "h": 100 },
    "duration": 100
   },
   "102-Pumpkin_sheet 84.aseprite": {
    "frame": { "x": 400, "y": 800, "w": 100, "h": 100 },
    "rotated": false,
    "trimmed": false,
    "spriteSourceSize": { "x": 0, "y": 0, "w": 100, "h": 100 },
    "sourceSize": { "w": 100, "h": 100 },
    "duration": 100
   },
   "102-Pumpkin_sheet 85.aseprite": {
    "frame": { "x": 500, "y": 800, "w": 100, "h": 100 },
    "rotated": false,
    "trimmed": false,
    "spriteSourceSize": { "x": 0, "y": 0, "w": 100, "h": 100 },
    "sourceSize": { "w": 100, "h": 100 },
    "duration": 100
   },
   "102-Pumpkin_sheet 86.aseprite": {
    "frame": { "x": 600, "y": 800, "w": 100, "h": 100 },
    "rotated": false,
    "trimmed": false,
    "spriteSourceSize": { "x": 0, "y": 0, "w": 100, "h": 100 },
    "sourceSize": { "w": 100, "h": 100 },
    "duration": 100
   },
   "102-Pumpkin_sheet 87.aseprite": {
    "frame": { "x": 700, "y": 800, "w": 100, "h": 100 },
    "rotated": false,
    "trimmed": false,
    "spriteSourceSize": { "x": 0, "y": 0, "w": 100, "h": 100 },
    "sourceSize": { "w": 100, "h": 100 },
    "duration": 100
   },
   "102-Pumpkin_sheet 88.aseprite": {
    "frame": { "x": 800, "y": 800, "w": 100, "h": 100 },
    "rotated": false,
    "trimmed": false,
    "spriteSourceSize": { "x": 0, "y": 0, "w": 100, "h": 100 },
    "sourceSize": { "w": 100, "h": 100 },
    "duration": 100
   },
   "102-Pumpkin_sheet 89.aseprite": {
    "frame": { "x": 900, "y": 800, "w": 100, "h": 100 },
    "rotated": false,
    "trimmed": false,
    "spriteSourceSize": { "x": 0, "y": 0, "w": 100, "h": 100 },
    "sourceSize": { "w": 100, "h": 100 },
    "duration": 100
   },
   "102-Pumpkin_sheet 90.aseprite": {
    "frame": { "x": 0, "y": 900, "w": 100, "h": 100 },
    "rotated": false,
    "trimmed": false,
    "spriteSourceSize": { "x": 0, "y": 0, "w": 100, "h": 100 },
    "sourceSize": { "w": 100, "h": 100 },
    "duration": 100
   },
   "102-Pumpkin_sheet 91.aseprite": {
    "frame": { "x": 100, "y": 900, "w": 100, "h": 100 },
    "rotated": false,
    "trimmed": false,
    "spriteSourceSize": { "x": 0, "y": 0, "w": 100, "h": 100 },
    "sourceSize": { "w": 100, "h": 100 },
    "duration": 100
   },
   "102-Pumpkin_sheet 92.aseprite": {
    "frame": { "x": 200, "y": 900, "w": 100, "h": 100 },
    "rotated": false,
    "trimmed": false,
    "spriteSourceSize": { "x": 0, "y": 0, "w": 100, "h": 100 },
    "sourceSize": { "w": 100, "h": 100 },
    "duration": 100
   },
   "102-Pumpkin_sheet 93.aseprite": {
    "frame": { "x": 300, "y": 900, "w": 100, "h": 100 },
    "rotated": false,
    "trimmed": false,
    "spriteSourceSize": { "x": 0, "y": 0, "w": 100, "h": 100 },
    "sourceSize": { "w": 100, "h": 100 },
    "duration": 100
   },
   "102-Pumpkin_sheet 94.aseprite": {
    "frame": { "x": 400, "y": 900, "w": 100, "h": 100 },
    "rotated": false,
    "trimmed": false,
    "spriteSourceSize": { "x": 0, "y": 0, "w": 100, "h": 100 },
    "sourceSize": { "w": 100, "h": 100 },
    "duration": 100
   },
   "102-Pumpkin_sheet 95.aseprite": {
    "frame": { "x": 500, "y": 900, "w": 100, "h": 100 },
    "rotated": false,
    "trimmed": false,
    "spriteSourceSize": { "x": 0, "y": 0, "w": 100, "h": 100 },
    "sourceSize": { "w": 100, "h": 100 },
    "duration": 100
   },
   "102-Pumpkin_sheet 96.aseprite": {
    "frame": { "x": 600, "y": 900, "w": 100, "h": 100 },
    "rotated": false,
    "trimmed": false,
    "spriteSourceSize": { "x": 0, "y": 0, "w": 100, "h": 100 },
    "sourceSize": { "w": 100, "h": 100 },
    "duration": 100
   },
   "102-Pumpkin_sheet 97.aseprite": {
    "frame": { "x": 700, "y": 900, "w": 100, "h": 100 },
    "rotated": false,
    "trimmed": false,
    "spriteSourceSize": { "x": 0, "y": 0, "w": 100, "h": 100 },
    "sourceSize": { "w": 100, "h": 100 },
    "duration": 100
   },
   "102-Pumpkin_sheet 98.aseprite": {
    "frame": { "x": 800, "y": 900, "w": 100, "h": 100 },
    "rotated": false,
    "trimmed": false,
    "spriteSourceSize": { "x": 0, "y": 0, "w": 100, "h": 100 },
    "sourceSize": { "w": 100, "h": 100 },
    "duration": 100
   },
   "102-Pumpkin_sheet 99.aseprite": {
    "frame": { "x": 900, "y": 900, "w": 100, "h": 100 },
    "rotated": false,
    "trimmed": false,
    "spriteSourceSize": { "x": 0, "y": 0, "w": 100, "h": 100 },
    "sourceSize": { "w": 100, "h": 100 },
    "duration": 100
   },
   "102-Pumpkin_sheet 100.aseprite": {
    "frame": { "x": 0, "y": 1000, "w": 100, "h": 100 },
    "rotated": false,
    "trimmed": false,
    "spriteSourceSize": { "x": 0, "y": 0, "w": 100, "h": 100 },
    "sourceSize": { "w": 100, "h": 100 },
    "duration": 100
   },
   "102-Pumpkin_sheet 101.aseprite": {
    "frame": { "x": 100, "y": 1000, "w": 100, "h": 100 },
    "rotated": false,
    "trimmed": false,
    "spriteSourceSize": { "x": 0, "y": 0, "w": 100, "h": 100 },
    "sourceSize": { "w": 100, "h": 100 },
    "duration": 100
   },
   "102-Pumpkin_sheet 102.aseprite": {
    "frame": { "x": 200, "y": 1000, "w": 100, "h": 100 },
    "rotated": false,
    "trimmed": false,
    "spriteSourceSize": { "x": 0, "y": 0, "w": 100, "h": 100 },
    "sourceSize": { "w": 100, "h": 100 },
    "duration": 100
   },
   "102-Pumpkin_sheet 103.aseprite": {
    "frame": { "x": 300, "y": 1000, "w": 100, "h": 100 },
    "rotated": false,
    "trimmed": false,
    "spriteSourceSize": { "x": 0, "y": 0, "w": 100, "h": 100 },
    "sourceSize": { "w": 100, "h": 100 },
    "duration": 100
   },
   "102-Pumpkin_sheet 104.aseprite": {
    "frame": { "x": 400, "y": 1000, "w": 100, "h": 100 },
    "rotated": false,
    "trimmed": false,
    "spriteSourceSize": { "x": 0, "y": 0, "w": 100, "h": 100 },
    "sourceSize": { "w": 100, "h": 100 },
    "duration": 100
   },
   "102-Pumpkin_sheet 105.aseprite": {
    "frame": { "x": 500, "y": 1000, "w": 100, "h": 100 },
    "rotated": false,
    "trimmed": false,
    "spriteSourceSize": { "x": 0, "y": 0, "w": 100, "h": 100 },
    "sourceSize": { "w": 100, "h": 100 },
    "duration": 100
   },
   "102-Pumpkin_sheet 106.aseprite": {
    "frame": { "x": 600, "y": 1000, "w": 100, "h": 100 },
    "rotated": false,
    "trimmed": false,
    "spriteSourceSize": { "x": 0, "y": 0, "w": 100, "h": 100 },
    "sourceSize": { "w": 100, "h": 100 },
    "duration": 100
   },
   "102-Pumpkin_sheet 107.aseprite": {
    "frame": { "x": 700, "y": 1000, "w": 100, "h": 100 },
    "rotated": false,
    "trimmed": false,
    "spriteSourceSize": { "x": 0, "y": 0, "w": 100, "h": 100 },
    "sourceSize": { "w": 100, "h": 100 },
    "duration": 100
   },
   "102-Pumpkin_sheet 108.aseprite": {
    "frame": { "x": 800, "y": 1000, "w": 100, "h": 100 },
    "rotated": false,
    "trimmed": false,
    "spriteSourceSize": { "x": 0, "y": 0, "w": 100, "h": 100 },
    "sourceSize": { "w": 100, "h": 100 },
    "duration": 100
   },
   "102-Pumpkin_sheet 109.aseprite": {
    "frame": { "x": 900, "y": 1000, "w": 100, "h": 100 },
    "rotated": false,
    "trimmed": false,
    "spriteSourceSize": { "x": 0, "y": 0, "w": 100, "h": 100 },
    "sourceSize": { "w": 100, "h": 100 },
    "duration": 100
   },
   "102-Pumpkin_sheet 110.aseprite": {
    "frame": { "x": 0, "y": 1100, "w": 100, "h": 100 },
    "rotated": false,
    "trimmed": false,
    "spriteSourceSize": { "x": 0, "y": 0, "w": 100, "h": 100 },
    "sourceSize": { "w": 100, "h": 100 },
    "duration": 100
   },
   "102-Pumpkin_sheet 111.aseprite": {
    "frame": { "x": 100, "y": 1100, "w": 100, "h": 100 },
    "rotated": false,
    "trimmed": false,
    "spriteSourceSize": { "x": 0, "y": 0, "w": 100, "h": 100 },
    "sourceSize": { "w": 100, "h": 100 },
    "duration": 100
   },
   "102-Pumpkin_sheet 112.aseprite": {
    "frame": { "x": 200, "y": 1100, "w": 100, "h": 100 },
    "rotated": false,
    "trimmed": false,
    "spriteSourceSize": { "x": 0, "y": 0, "w": 100, "h": 100 },
    "sourceSize": { "w": 100, "h": 100 },
    "duration": 100
   },
   "102-Pumpkin_sheet 113.aseprite": {
    "frame": { "x": 300, "y": 1100, "w": 100, "h": 100 },
    "rotated": false,
    "trimmed": false,
    "spriteSourceSize": { "x": 0, "y": 0, "w": 100, "h": 100 },
    "sourceSize": { "w": 100, "h": 100 },
    "duration": 100
   },
   "102-Pumpkin_sheet 114.aseprite": {
    "frame": { "x": 400, "y": 1100, "w": 100, "h": 100 },
    "rotated": false,
    "trimmed": false,
    "spriteSourceSize": { "x": 0, "y": 0, "w": 100, "h": 100 },
    "sourceSize": { "w": 100, "h": 100 },
    "duration": 100
   },
   "102-Pumpkin_sheet 115.aseprite": {
    "frame": { "x": 500, "y": 1100, "w": 100, "h": 100 },
    "rotated": false,
    "trimmed": false,
    "spriteSourceSize": { "x": 0, "y": 0, "w": 100, "h": 100 },
    "sourceSize": { "w": 100, "h": 100 },
    "duration": 100
   },
   "102-Pumpkin_sheet 116.aseprite": {
    "frame": { "x": 600, "y": 1100, "w": 100, "h": 100 },
    "rotated": false,
    "trimmed": false,
    "spriteSourceSize": { "x": 0, "y": 0, "w": 100, "h": 100 },
    "sourceSize": { "w": 100, "h": 100 },
    "duration": 100
   },
   "102-Pumpkin_sheet 117.aseprite": {
    "frame": { "x": 700, "y": 1100, "w": 100, "h": 100 },
    "rotated": false,
    "trimmed": false,
    "spriteSourceSize": { "x": 0, "y": 0, "w": 100, "h": 100 },
    "sourceSize": { "w": 100, "h": 100 },
    "duration": 100
   },
   "102-Pumpkin_sheet 118.aseprite": {
    "frame": { "x": 800, "y": 1100, "w": 100, "h": 100 },
    "rotated": false,
    "trimmed": false,
    "spriteSourceSize": { "x": 0, "y": 0, "w": 100, "h": 100 },
    "sourceSize": { "w": 100, "h": 100 },
    "duration": 100
   },
   "102-Pumpkin_sheet 119.aseprite": {
    "frame": { "x": 900, "y": 1100, "w": 100, "h": 100 },
    "rotated": false,
    "trimmed": false,
    "spriteSourceSize": { "x": 0, "y": 0, "w": 100, "h": 100 },
    "sourceSize": { "w": 100, "h": 100 },
    "duration": 100
   },
   "102-Pumpkin_sheet 120.aseprite": {
    "frame": { "x": 0, "y": 1200, "w": 100, "h": 100 },
    "rotated": false,
    "trimmed": false,
    "spriteSourceSize": { "x": 0, "y": 0, "w": 100, "h": 100 },
    "sourceSize": { "w": 100, "h": 100 },
    "duration": 100
   },
   "102-Pumpkin_sheet 121.aseprite": {
    "frame": { "x": 100, "y": 1200, "w": 100, "h": 100 },
    "rotated": false,
    "trimmed": false,
    "spriteSourceSize": { "x": 0, "y": 0, "w": 100, "h": 100 },
    "sourceSize": { "w": 100, "h": 100 },
    "duration": 100
   },
   "102-Pumpkin_sheet 122.aseprite": {
    "frame": { "x": 200, "y": 1200, "w": 100, "h": 100 },
    "rotated": false,
    "trimmed": false,
    "spriteSourceSize": { "x": 0, "y": 0, "w": 100, "h": 100 },
    "sourceSize": { "w": 100, "h": 100 },
    "duration": 100
   },
   "102-Pumpkin_sheet 123.aseprite": {
    "frame": { "x": 300, "y": 1200, "w": 100, "h": 100 },
    "rotated": false,
    "trimmed": false,
    "spriteSourceSize": { "x": 0, "y": 0, "w": 100, "h": 100 },
    "sourceSize": { "w": 100, "h": 100 },
    "duration": 100
   },
   "102-Pumpkin_sheet 124.aseprite": {
    "frame": { "x": 400, "y": 1200, "w": 100, "h": 100 },
    "rotated": false,
    "trimmed": false,
    "spriteSourceSize": { "x": 0, "y": 0, "w": 100, "h": 100 },
    "sourceSize": { "w": 100, "h": 100 },
    "duration": 100
   },
   "102-Pumpkin_sheet 125.aseprite": {
    "frame": { "x": 500, "y": 1200, "w": 100, "h": 100 },
    "rotated": false,
    "trimmed": false,
    "spriteSourceSize": { "x": 0, "y": 0, "w": 100, "h": 100 },
    "sourceSize": { "w": 100, "h": 100 },
    "duration": 100
   },
   "102-Pumpkin_sheet 126.aseprite": {
    "frame": { "x": 600, "y": 1200, "w": 100, "h": 100 },
    "rotated": false,
    "trimmed": false,
    "spriteSourceSize": { "x": 0, "y": 0, "w": 100, "h": 100 },
    "sourceSize": { "w": 100, "h": 100 },
    "duration": 100
   },
   "102-Pumpkin_sheet 127.aseprite": {
    "frame": { "x": 700, "y": 1200, "w": 100, "h": 100 },
    "rotated": false,
    "trimmed": false,
    "spriteSourceSize": { "x": 0, "y": 0, "w": 100, "h": 100 },
    "sourceSize": { "w": 100, "h": 100 },
    "duration": 100
   },
   "102-Pumpkin_sheet 128.aseprite": {
    "frame": { "x": 800, "y": 1200, "w": 100, "h": 100 },
    "rotated": false,
    "trimmed": false,
    "spriteSourceSize": { "x": 0, "y": 0, "w": 100, "h": 100 },
    "sourceSize": { "w": 100, "h": 100 },
    "duration": 100
   },
   "102-Pumpkin_sheet 129.aseprite": {
    "frame": { "x": 900, "y": 1200, "w": 100, "h": 100 },
    "rotated": false,
    "trimmed": false,
    "spriteSourceSize": { "x": 0, "y": 0, "w": 100, "h": 100 },
    "sourceSize": { "w": 100, "h": 100 },
    "duration": 100
   },
   "102-Pumpkin_sheet 130.aseprite": {
    "frame": { "x": 0, "y": 1300, "w": 100, "h": 100 },
    "rotated": false,
    "trimmed": false,
    "spriteSourceSize": { "x": 0, "y": 0, "w": 100, "h": 100 },
    "sourceSize": { "w": 100, "h": 100 },
    "duration": 100
   },
   "102-Pumpkin_sheet 131.aseprite": {
    "frame": { "x": 100, "y": 1300, "w": 100, "h": 100 },
    "rotated": false,
    "trimmed": false,
    "spriteSourceSize": { "x": 0, "y": 0, "w": 100, "h": 100 },
    "sourceSize": { "w": 100, "h": 100 },
    "duration": 100
   },
   "102-Pumpkin_sheet 132.aseprite": {
    "frame": { "x": 200, "y": 1300, "w": 100, "h": 100 },
    "rotated": false,
    "trimmed": false,
    "spriteSourceSize": { "x": 0, "y": 0, "w": 100, "h": 100 },
    "sourceSize": { "w": 100, "h": 100 },
    "duration": 100
   },
   "102-Pumpkin_sheet 133.aseprite": {
    "frame": { "x": 300, "y": 1300, "w": 100, "h": 100 },
    "rotated": false,
    "trimmed": false,
    "spriteSourceSize": { "x": 0, "y": 0, "w": 100, "h": 100 },
    "sourceSize": { "w": 100, "h": 100 },
    "duration": 100
   },
   "102-Pumpkin_sheet 134.aseprite": {
    "frame": { "x": 400, "y": 1300, "w": 100, "h": 100 },
    "rotated": false,
    "trimmed": false,
    "spriteSourceSize": { "x": 0, "y": 0, "w": 100, "h": 100 },
    "sourceSize": { "w": 100, "h": 100 },
    "duration": 100
   },
   "102-Pumpkin_sheet 135.aseprite": {
    "frame": { "x": 500, "y": 1300, "w": 100, "h": 100 },
    "rotated": false,
    "trimmed": false,
    "spriteSourceSize": { "x": 0, "y": 0, "w": 100, "h": 100 },
    "sourceSize": { "w": 100, "h": 100 },
    "duration": 100
   },
   "102-Pumpkin_sheet 136.aseprite": {
    "frame": { "x": 600, "y": 1300, "w": 100, "h": 100 },
    "rotated": false,
    "trimmed": false,
    "spriteSourceSize": { "x": 0, "y": 0, "w": 100, "h": 100 },
    "sourceSize": { "w": 100, "h": 100 },
    "duration": 100
   },
   "102-Pumpkin_sheet 137.aseprite": {
    "frame": { "x": 700, "y": 1300, "w": 100, "h": 100 },
    "rotated": false,
    "trimmed": false,
    "spriteSourceSize": { "x": 0, "y": 0, "w": 100, "h": 100 },
    "sourceSize": { "w": 100, "h": 100 },
    "duration": 100
   },
   "102-Pumpkin_sheet 138.aseprite": {
    "frame": { "x": 800, "y": 1300, "w": 100, "h": 100 },
    "rotated": false,
    "trimmed": false,
    "spriteSourceSize": { "x": 0, "y": 0, "w": 100, "h": 100 },
    "sourceSize": { "w": 100, "h": 100 },
    "duration": 100
   },
   "102-Pumpkin_sheet 139.aseprite": {
    "frame": { "x": 900, "y": 1300, "w": 100, "h": 100 },
    "rotated": false,
    "trimmed": false,
    "spriteSourceSize": { "x": 0, "y": 0, "w": 100, "h": 100 },
    "sourceSize": { "w": 100, "h": 100 },
    "duration": 100
   },
   "102-Pumpkin_sheet 140.aseprite": {
    "frame": { "x": 0, "y": 1400, "w": 100, "h": 100 },
    "rotated": false,
    "trimmed": false,
    "spriteSourceSize": { "x": 0, "y": 0, "w": 100, "h": 100 },
    "sourceSize": { "w": 100, "h": 100 },
    "duration": 100
   },
   "102-Pumpkin_sheet 141.aseprite": {
    "frame": { "x": 100, "y": 1400, "w": 100, "h": 100 },
    "rotated": false,
    "trimmed": false,
    "spriteSourceSize": { "x": 0, "y": 0, "w": 100, "h": 100 },
    "sourceSize": { "w": 100, "h": 100 },
    "duration": 100
   },
   "102-Pumpkin_sheet 142.aseprite": {
    "frame": { "x": 200, "y": 1400, "w": 100, "h": 100 },
    "rotated": false,
    "trimmed": false,
    "spriteSourceSize": { "x": 0, "y": 0, "w": 100, "h": 100 },
    "sourceSize": { "w": 100, "h": 100 },
    "duration": 100
   },
   "102-Pumpkin_sheet 143.aseprite": {
    "frame": { "x": 300, "y": 1400, "w": 100, "h": 100 },
    "rotated": false,
    "trimmed": false,
    "spriteSourceSize": { "x": 0, "y": 0, "w": 100, "h": 100 },
    "sourceSize": { "w": 100, "h": 100 },
    "duration": 100
   },
   "102-Pumpkin_sheet 144.aseprite": {
    "frame": { "x": 400, "y": 1400, "w": 100, "h": 100 },
    "rotated": false,
    "trimmed": false,
    "spriteSourceSize": { "x": 0, "y": 0, "w": 100, "h": 100 },
    "sourceSize": { "w": 100, "h": 100 },
    "duration": 100
   },
   "102-Pumpkin_sheet 145.aseprite": {
    "frame": { "x": 500, "y": 1400, "w": 100, "h": 100 },
    "rotated": false,
    "trimmed": false,
    "spriteSourceSize": { "x": 0, "y": 0, "w": 100, "h": 100 },
    "sourceSize": { "w": 100, "h": 100 },
    "duration": 100
   },
   "102-Pumpkin_sheet 146.aseprite": {
    "frame": { "x": 600, "y": 1400, "w": 100, "h": 100 },
    "rotated": false,
    "trimmed": false,
    "spriteSourceSize": { "x": 0, "y": 0, "w": 100, "h": 100 },
    "sourceSize": { "w": 100, "h": 100 },
    "duration": 100
   },
   "102-Pumpkin_sheet 147.aseprite": {
    "frame": { "x": 700, "y": 1400, "w": 100, "h": 100 },
    "rotated": false,
    "trimmed": false,
    "spriteSourceSize": { "x": 0, "y": 0, "w": 100, "h": 100 },
    "sourceSize": { "w": 100, "h": 100 },
    "duration": 100
   },
   "102-Pumpkin_sheet 148.aseprite": {
    "frame": { "x": 800, "y": 1400, "w": 100, "h": 100 },
    "rotated": false,
    "trimmed": false,
    "spriteSourceSize": { "x": 0, "y": 0, "w": 100, "h": 100 },
    "sourceSize": { "w": 100, "h": 100 },
    "duration": 100
   },
   "102-Pumpkin_sheet 149.aseprite": {
    "frame": { "x": 900, "y": 1400, "w": 100, "h": 100 },
    "rotated": false,
    "trimmed": false,
    "spriteSourceSize": { "x": 0, "y": 0, "w": 100, "h": 100 },
    "sourceSize": { "w": 100, "h": 100 },
    "duration": 100
   },
   "102-Pumpkin_sheet 150.aseprite": {
    "frame": { "x": 0, "y": 1500, "w": 100, "h": 100 },
    "rotated": false,
    "trimmed": false,
    "spriteSourceSize": { "x": 0, "y": 0, "w": 100, "h": 100 },
    "sourceSize": { "w": 100, "h": 100 },
    "duration": 100
   },
   "102-Pumpkin_sheet 151.aseprite": {
    "frame": { "x": 100, "y": 1500, "w": 100, "h": 100 },
    "rotated": false,
    "trimmed": false,
    "spriteSourceSize": { "x": 0, "y": 0, "w": 100, "h": 100 },
    "sourceSize": { "w": 100, "h": 100 },
    "duration": 100
   },
   "102-Pumpkin_sheet 152.aseprite": {
    "frame": { "x": 200, "y": 1500, "w": 100, "h": 100 },
    "rotated": false,
    "trimmed": false,
    "spriteSourceSize": { "x": 0, "y": 0, "w": 100, "h": 100 },
    "sourceSize": { "w": 100, "h": 100 },
    "duration": 100
   },
   "102-Pumpkin_sheet 153.aseprite": {
    "frame": { "x": 300, "y": 1500, "w": 100, "h": 100 },
    "rotated": false,
    "trimmed": false,
    "spriteSourceSize": { "x": 0, "y": 0, "w": 100, "h": 100 },
    "sourceSize": { "w": 100, "h": 100 },
    "duration": 100
   },
   "102-Pumpkin_sheet 154.aseprite": {
    "frame": { "x": 400, "y": 1500, "w": 100, "h": 100 },
    "rotated": false,
    "trimmed": false,
    "spriteSourceSize": { "x": 0, "y": 0, "w": 100, "h": 100 },
    "sourceSize": { "w": 100, "h": 100 },
    "duration": 100
   },
   "102-Pumpkin_sheet 155.aseprite": {
    "frame": { "x": 500, "y": 1500, "w": 100, "h": 100 },
    "rotated": false,
    "trimmed": false,
    "spriteSourceSize": { "x": 0, "y": 0, "w": 100, "h": 100 },
    "sourceSize": { "w": 100, "h": 100 },
    "duration": 100
   },
   "102-Pumpkin_sheet 156.aseprite": {
    "frame": { "x": 600, "y": 1500, "w": 100, "h": 100 },
    "rotated": false,
    "trimmed": false,
    "spriteSourceSize": { "x": 0, "y": 0, "w": 100, "h": 100 },
    "sourceSize": { "w": 100, "h": 100 },
    "duration": 100
   },
   "102-Pumpkin_sheet 157.aseprite": {
    "frame": { "x": 700, "y": 1500, "w": 100, "h": 100 },
    "rotated": false,
    "trimmed": false,
    "spriteSourceSize": { "x": 0, "y": 0, "w": 100, "h": 100 },
    "sourceSize": { "w": 100, "h": 100 },
    "duration": 100
   },
   "102-Pumpkin_sheet 158.aseprite": {
    "frame": { "x": 800, "y": 1500, "w": 100, "h": 100 },
    "rotated": false,
    "trimmed": false,
    "spriteSourceSize": { "x": 0, "y": 0, "w": 100, "h": 100 },
    "sourceSize": { "w": 100, "h": 100 },
    "duration": 100
   },
   "102-Pumpkin_sheet 159.aseprite": {
    "frame": { "x": 900, "y": 1500, "w": 100, "h": 100 },
    "rotated": false,
    "trimmed": false,
    "spriteSourceSize": { "x": 0, "y": 0, "w": 100, "h": 100 },
    "sourceSize": { "w": 100, "h": 100 },
    "duration": 100
   },
   "102-Pumpkin_sheet 160.aseprite": {
    "frame": { "x": 0, "y": 1600, "w": 100, "h": 100 },
    "rotated": false,
    "trimmed": false,
    "spriteSourceSize": { "x": 0, "y": 0, "w": 100, "h": 100 },
    "sourceSize": { "w": 100, "h": 100 },
    "duration": 100
   },
   "102-Pumpkin_sheet 161.aseprite": {
    "frame": { "x": 100, "y": 1600, "w": 100, "h": 100 },
    "rotated": false,
    "trimmed": false,
    "spriteSourceSize": { "x": 0, "y": 0, "w": 100, "h": 100 },
    "sourceSize": { "w": 100, "h": 100 },
    "duration": 100
   },
   "102-Pumpkin_sheet 162.aseprite": {
    "frame": { "x": 200, "y": 1600, "w": 100, "h": 100 },
    "rotated": false,
    "trimmed": false,
    "spriteSourceSize": { "x": 0, "y": 0, "w": 100, "h": 100 },
    "sourceSize": { "w": 100, "h": 100 },
    "duration": 100
   },
   "102-Pumpkin_sheet 163.aseprite": {
    "frame": { "x": 300, "y": 1600, "w": 100, "h": 100 },
    "rotated": false,
    "trimmed": false,
    "spriteSourceSize": { "x": 0, "y": 0, "w": 100, "h": 100 },
    "sourceSize": { "w": 100, "h": 100 },
    "duration": 100
   },
   "102-Pumpkin_sheet 164.aseprite": {
    "frame": { "x": 400, "y": 1600, "w": 100, "h": 100 },
    "rotated": false,
    "trimmed": false,
    "spriteSourceSize": { "x": 0, "y": 0, "w": 100, "h": 100 },
    "sourceSize": { "w": 100, "h": 100 },
    "duration": 100
   },
   "102-Pumpkin_sheet 165.aseprite": {
    "frame": { "x": 500, "y": 1600, "w": 100, "h": 100 },
    "rotated": false,
    "trimmed": false,
    "spriteSourceSize": { "x": 0, "y": 0, "w": 100, "h": 100 },
    "sourceSize": { "w": 100, "h": 100 },
    "duration": 100
   },
   "102-Pumpkin_sheet 166.aseprite": {
    "frame": { "x": 600, "y": 1600, "w": 100, "h": 100 },
    "rotated": false,
    "trimmed": false,
    "spriteSourceSize": { "x": 0, "y": 0, "w": 100, "h": 100 },
    "sourceSize": { "w": 100, "h": 100 },
    "duration": 100
   },
   "102-Pumpkin_sheet 167.aseprite": {
    "frame": { "x": 700, "y": 1600, "w": 100, "h": 100 },
    "rotated": false,
    "trimmed": false,
    "spriteSourceSize": { "x": 0, "y": 0, "w": 100, "h": 100 },
    "sourceSize": { "w": 100, "h": 100 },
    "duration": 100
   },
   "102-Pumpkin_sheet 168.aseprite": {
    "frame": { "x": 800, "y": 1600, "w": 100, "h": 100 },
    "rotated": false,
    "trimmed": false,
    "spriteSourceSize": { "x": 0, "y": 0, "w": 100, "h": 100 },
    "sourceSize": { "w": 100, "h": 100 },
    "duration": 100
   },
   "102-Pumpkin_sheet 169.aseprite": {
    "frame": { "x": 900, "y": 1600, "w": 100, "h": 100 },
    "rotated": false,
    "trimmed": false,
    "spriteSourceSize": { "x": 0, "y": 0, "w": 100, "h": 100 },
    "sourceSize": { "w": 100, "h": 100 },
    "duration": 100
   }
 },
 "meta": {
  "app": "http://www.aseprite.org/",
  "version": "1.2.9-x64",
  "image": "102-Pumpkin_sheet.png",
  "format": "RGBA8888",
  "size": { "w": 1000, "h": 1700 },
  "scale": "1",
  "frameTags": [
   { "name": "W_0", "from": 0, "to": 11, "direction": "forward" },
   { "name": "W_45", "from": 12, "to": 21, "direction": "forward" },
   { "name": "W_315", "from": 22, "to": 31, "direction": "forward" },
   { "name": "W_shoot_0", "from": 32, "to": 41, "direction": "forward" },
   { "name": "W_shoot_45", "from": 42, "to": 51, "direction": "forward" },
   { "name": "W_shoot_315", "from": 52, "to": 61, "direction": "forward" },
   { "name": "Flat", "from": 62, "to": 73, "direction": "forward" },
   { "name": "F_0", "from": 62, "to": 63, "direction": "forward" },
   { "name": "F_45", "from": 64, "to": 65, "direction": "forward" },
   { "name": "F_90", "from": 66, "to": 67, "direction": "forward" },
   { "name": "F_270", "from": 68, "to": 69, "direction": "forward" },
   { "name": "F_315", "from": 70, "to": 71, "direction": "forward" },
   { "name": "F_duck", "from": 72, "to": 73, "direction": "forward" },
   { "name": "Climb", "from": 74, "to": 95, "direction": "forward" },
   { "name": "C_idle", "from": 74, "to": 75, "direction": "forward" },
   { "name": "C_0", "from": 76, "to": 77, "direction": "forward" },
   { "name": "C_45", "from": 78, "to": 79, "direction": "forward" },
   { "name": "W_90", "from": 80, "to": 81, "direction": "forward" },
   { "name": "C_135", "from": 82, "to": 83, "direction": "forward" },
   { "name": "C_180", "from": 84, "to": 85, "direction": "forward" },
   { "name": "C_225", "from": 86, "to": 87, "direction": "forward" },
   { "name": "C_270", "from": 88, "to": 89, "direction": "forward" },
   { "name": "C_315", "from": 90, "to": 91, "direction": "forward" },
   { "name": "C_move", "from": 92, "to": 95, "direction": "forward" },
   { "name": "Monkey", "from": 96, "to": 117, "direction": "forward" },
   { "name": "M_idle", "from": 96, "to": 97, "direction": "forward" },
   { "name": "M_0", "from": 98, "to": 99, "direction": "forward" },
   { "name": "M_45", "from": 100, "to": 101, "direction": "forward" },
   { "name": "M_90", "from": 102, "to": 103, "direction": "forward" },
   { "name": "M_270", "from": 104, "to": 105, "direction": "forward" },
   { "name": "M_315", "from": 106, "to": 107, "direction": "forward" },
   { "name": "M_move", "from": 108, "to": 117, "direction": "forward" },
   { "name": "Bike", "from": 118, "to": 135, "direction": "forward" },
   { "name": "B_idle", "from": 118, "to": 119, "direction": "forward" },
   { "name": "B_0", "from": 120, "to": 121, "direction": "forward" },
   { "name": "B_45", "from": 122, "to": 123, "direction": "forward" },
   { "name": "B_90", "from": 124, "to": 125, "direction": "forward" },
   { "name": "B_135", "from": 126, "to": 127, "direction": "forward" },
   { "name": "B_180", "from": 128, "to": 129, "direction": "forward" },
   { "name": "B_225", "from": 130, "to": 131, "direction": "forward" },
   { "name": "B_270", "from": 132, "to": 133, "direction": "forward" },
   { "name": "B_315", "from": 134, "to": 135, "direction": "forward" },
   { "name": "jump", "from": 136, "to": 143, "direction": "forward" },
   { "name": "dead_fly", "from": 144, "to": 147, "direction": "forward" },
   { "name": "dead", "from": 148, "to": 149, "direction": "forward" },
   { "name": "idle", "from": 150, "to": 157, "direction": "forward" },
   { "name": "wait", "from": 158, "to": 165, "direction": "forward" },
   { "name": "V_pose", "from": 166, "to": 169, "direction": "forward" }
  ]
 }
}
