{ "frames": {
   "104-Yolo_sheet 0.aseprite": {
    "frame": { "x": 0, "y": 0, "w": 100, "h": 100 },
    "rotated": false,
    "trimmed": false,
    "spriteSourceSize": { "x": 0, "y": 0, "w": 100, "h": 100 },
    "sourceSize": { "w": 100, "h": 100 },
    "duration": 100
   },
   "104-Yolo_sheet 1.aseprite": {
    "frame": { "x": 100, "y": 0, "w": 100, "h": 100 },
    "rotated": false,
    "trimmed": false,
    "spriteSourceSize": { "x": 0, "y": 0, "w": 100, "h": 100 },
    "sourceSize": { "w": 100, "h": 100 },
    "duration": 100
   },
   "104-Yolo_sheet 2.aseprite": {
    "frame": { "x": 200, "y": 0, "w": 100, "h": 100 },
    "rotated": false,
    "trimmed": false,
    "spriteSourceSize": { "x": 0, "y": 0, "w": 100, "h": 100 },
    "sourceSize": { "w": 100, "h": 100 },
    "duration": 100
   },
   "104-Yolo_sheet 3.aseprite": {
    "frame": { "x": 300, "y": 0, "w": 100, "h": 100 },
    "rotated": false,
    "trimmed": false,
    "spriteSourceSize": { "x": 0, "y": 0, "w": 100, "h": 100 },
    "sourceSize": { "w": 100, "h": 100 },
    "duration": 100
   },
   "104-Yolo_sheet 4.aseprite": {
    "frame": { "x": 400, "y": 0, "w": 100, "h": 100 },
    "rotated": false,
    "trimmed": false,
    "spriteSourceSize": { "x": 0, "y": 0, "w": 100, "h": 100 },
    "sourceSize": { "w": 100, "h": 100 },
    "duration": 100
   },
   "104-Yolo_sheet 5.aseprite": {
    "frame": { "x": 500, "y": 0, "w": 100, "h": 100 },
    "rotated": false,
    "trimmed": false,
    "spriteSourceSize": { "x": 0, "y": 0, "w": 100, "h": 100 },
    "sourceSize": { "w": 100, "h": 100 },
    "duration": 100
   },
   "104-Yolo_sheet 6.aseprite": {
    "frame": { "x": 600, "y": 0, "w": 100, "h": 100 },
    "rotated": false,
    "trimmed": false,
    "spriteSourceSize": { "x": 0, "y": 0, "w": 100, "h": 100 },
    "sourceSize": { "w": 100, "h": 100 },
    "duration": 100
   },
   "104-Yolo_sheet 7.aseprite": {
    "frame": { "x": 700, "y": 0, "w": 100, "h": 100 },
    "rotated": false,
    "trimmed": false,
    "spriteSourceSize": { "x": 0, "y": 0, "w": 100, "h": 100 },
    "sourceSize": { "w": 100, "h": 100 },
    "duration": 100
   },
   "104-Yolo_sheet 8.aseprite": {
    "frame": { "x": 800, "y": 0, "w": 100, "h": 100 },
    "rotated": false,
    "trimmed": false,
    "spriteSourceSize": { "x": 0, "y": 0, "w": 100, "h": 100 },
    "sourceSize": { "w": 100, "h": 100 },
    "duration": 100
   },
   "104-Yolo_sheet 9.aseprite": {
    "frame": { "x": 900, "y": 0, "w": 100, "h": 100 },
    "rotated": false,
    "trimmed": false,
    "spriteSourceSize": { "x": 0, "y": 0, "w": 100, "h": 100 },
    "sourceSize": { "w": 100, "h": 100 },
    "duration": 100
   },
   "104-Yolo_sheet 10.aseprite": {
    "frame": { "x": 0, "y": 100, "w": 100, "h": 100 },
    "rotated": false,
    "trimmed": false,
    "spriteSourceSize": { "x": 0, "y": 0, "w": 100, "h": 100 },
    "sourceSize": { "w": 100, "h": 100 },
    "duration": 100
   },
   "104-Yolo_sheet 11.aseprite": {
    "frame": { "x": 100, "y": 100, "w": 100, "h": 100 },
    "rotated": false,
    "trimmed": false,
    "spriteSourceSize": { "x": 0, "y": 0, "w": 100, "h": 100 },
    "sourceSize": { "w": 100, "h": 100 },
    "duration": 100
   },
   "104-Yolo_sheet 12.aseprite": {
    "frame": { "x": 200, "y": 100, "w": 100, "h": 100 },
    "rotated": false,
    "trimmed": false,
    "spriteSourceSize": { "x": 0, "y": 0, "w": 100, "h": 100 },
    "sourceSize": { "w": 100, "h": 100 },
    "duration": 100
   },
   "104-Yolo_sheet 13.aseprite": {
    "frame": { "x": 300, "y": 100, "w": 100, "h": 100 },
    "rotated": false,
    "trimmed": false,
    "spriteSourceSize": { "x": 0, "y": 0, "w": 100, "h": 100 },
    "sourceSize": { "w": 100, "h": 100 },
    "duration": 100
   },
   "104-Yolo_sheet 14.aseprite": {
    "frame": { "x": 400, "y": 100, "w": 100, "h": 100 },
    "rotated": false,
    "trimmed": false,
    "spriteSourceSize": { "x": 0, "y": 0, "w": 100, "h": 100 },
    "sourceSize": { "w": 100, "h": 100 },
    "duration": 100
   },
   "104-Yolo_sheet 15.aseprite": {
    "frame": { "x": 500, "y": 100, "w": 100, "h": 100 },
    "rotated": false,
    "trimmed": false,
    "spriteSourceSize": { "x": 0, "y": 0, "w": 100, "h": 100 },
    "sourceSize": { "w": 100, "h": 100 },
    "duration": 100
   },
   "104-Yolo_sheet 16.aseprite": {
    "frame": { "x": 600, "y": 100, "w": 100, "h": 100 },
    "rotated": false,
    "trimmed": false,
    "spriteSourceSize": { "x": 0, "y": 0, "w": 100, "h": 100 },
    "sourceSize": { "w": 100, "h": 100 },
    "duration": 100
   },
   "104-Yolo_sheet 17.aseprite": {
    "frame": { "x": 700, "y": 100, "w": 100, "h": 100 },
    "rotated": false,
    "trimmed": false,
    "spriteSourceSize": { "x": 0, "y": 0, "w": 100, "h": 100 },
    "sourceSize": { "w": 100, "h": 100 },
    "duration": 100
   },
   "104-Yolo_sheet 18.aseprite": {
    "frame": { "x": 800, "y": 100, "w": 100, "h": 100 },
    "rotated": false,
    "trimmed": false,
    "spriteSourceSize": { "x": 0, "y": 0, "w": 100, "h": 100 },
    "sourceSize": { "w": 100, "h": 100 },
    "duration": 100
   },
   "104-Yolo_sheet 19.aseprite": {
    "frame": { "x": 900, "y": 100, "w": 100, "h": 100 },
    "rotated": false,
    "trimmed": false,
    "spriteSourceSize": { "x": 0, "y": 0, "w": 100, "h": 100 },
    "sourceSize": { "w": 100, "h": 100 },
    "duration": 100
   },
   "104-Yolo_sheet 20.aseprite": {
    "frame": { "x": 0, "y": 200, "w": 100, "h": 100 },
    "rotated": false,
    "trimmed": false,
    "spriteSourceSize": { "x": 0, "y": 0, "w": 100, "h": 100 },
    "sourceSize": { "w": 100, "h": 100 },
    "duration": 100
   },
   "104-Yolo_sheet 21.aseprite": {
    "frame": { "x": 100, "y": 200, "w": 100, "h": 100 },
    "rotated": false,
    "trimmed": false,
    "spriteSourceSize": { "x": 0, "y": 0, "w": 100, "h": 100 },
    "sourceSize": { "w": 100, "h": 100 },
    "duration": 100
   },
   "104-Yolo_sheet 22.aseprite": {
    "frame": { "x": 200, "y": 200, "w": 100, "h": 100 },
    "rotated": false,
    "trimmed": false,
    "spriteSourceSize": { "x": 0, "y": 0, "w": 100, "h": 100 },
    "sourceSize": { "w": 100, "h": 100 },
    "duration": 100
   },
   "104-Yolo_sheet 23.aseprite": {
    "frame": { "x": 300, "y": 200, "w": 100, "h": 100 },
    "rotated": false,
    "trimmed": false,
    "spriteSourceSize": { "x": 0, "y": 0, "w": 100, "h": 100 },
    "sourceSize": { "w": 100, "h": 100 },
    "duration": 100
   },
   "104-Yolo_sheet 24.aseprite": {
    "frame": { "x": 400, "y": 200, "w": 100, "h": 100 },
    "rotated": false,
    "trimmed": false,
    "spriteSourceSize": { "x": 0, "y": 0, "w": 100, "h": 100 },
    "sourceSize": { "w": 100, "h": 100 },
    "duration": 100
   },
   "104-Yolo_sheet 25.aseprite": {
    "frame": { "x": 500, "y": 200, "w": 100, "h": 100 },
    "rotated": false,
    "trimmed": false,
    "spriteSourceSize": { "x": 0, "y": 0, "w": 100, "h": 100 },
    "sourceSize": { "w": 100, "h": 100 },
    "duration": 100
   },
   "104-Yolo_sheet 26.aseprite": {
    "frame": { "x": 600, "y": 200, "w": 100, "h": 100 },
    "rotated": false,
    "trimmed": false,
    "spriteSourceSize": { "x": 0, "y": 0, "w": 100, "h": 100 },
    "sourceSize": { "w": 100, "h": 100 },
    "duration": 100
   },
   "104-Yolo_sheet 27.aseprite": {
    "frame": { "x": 700, "y": 200, "w": 100, "h": 100 },
    "rotated": false,
    "trimmed": false,
    "spriteSourceSize": { "x": 0, "y": 0, "w": 100, "h": 100 },
    "sourceSize": { "w": 100, "h": 100 },
    "duration": 100
   },
   "104-Yolo_sheet 28.aseprite": {
    "frame": { "x": 800, "y": 200, "w": 100, "h": 100 },
    "rotated": false,
    "trimmed": false,
    "spriteSourceSize": { "x": 0, "y": 0, "w": 100, "h": 100 },
    "sourceSize": { "w": 100, "h": 100 },
    "duration": 100
   },
   "104-Yolo_sheet 29.aseprite": {
    "frame": { "x": 900, "y": 200, "w": 100, "h": 100 },
    "rotated": false,
    "trimmed": false,
    "spriteSourceSize": { "x": 0, "y": 0, "w": 100, "h": 100 },
    "sourceSize": { "w": 100, "h": 100 },
    "duration": 100
   },
   "104-Yolo_sheet 30.aseprite": {
    "frame": { "x": 0, "y": 300, "w": 100, "h": 100 },
    "rotated": false,
    "trimmed": false,
    "spriteSourceSize": { "x": 0, "y": 0, "w": 100, "h": 100 },
    "sourceSize": { "w": 100, "h": 100 },
    "duration": 100
   },
   "104-Yolo_sheet 31.aseprite": {
    "frame": { "x": 100, "y": 300, "w": 100, "h": 100 },
    "rotated": false,
    "trimmed": false,
    "spriteSourceSize": { "x": 0, "y": 0, "w": 100, "h": 100 },
    "sourceSize": { "w": 100, "h": 100 },
    "duration": 100
   },
   "104-Yolo_sheet 32.aseprite": {
    "frame": { "x": 200, "y": 300, "w": 100, "h": 100 },
    "rotated": false,
    "trimmed": false,
    "spriteSourceSize": { "x": 0, "y": 0, "w": 100, "h": 100 },
    "sourceSize": { "w": 100, "h": 100 },
    "duration": 100
   },
   "104-Yolo_sheet 33.aseprite": {
    "frame": { "x": 300, "y": 300, "w": 100, "h": 100 },
    "rotated": false,
    "trimmed": false,
    "spriteSourceSize": { "x": 0, "y": 0, "w": 100, "h": 100 },
    "sourceSize": { "w": 100, "h": 100 },
    "duration": 100
   },
   "104-Yolo_sheet 34.aseprite": {
    "frame": { "x": 400, "y": 300, "w": 100, "h": 100 },
    "rotated": false,
    "trimmed": false,
    "spriteSourceSize": { "x": 0, "y": 0, "w": 100, "h": 100 },
    "sourceSize": { "w": 100, "h": 100 },
    "duration": 100
   },
   "104-Yolo_sheet 35.aseprite": {
    "frame": { "x": 500, "y": 300, "w": 100, "h": 100 },
    "rotated": false,
    "trimmed": false,
    "spriteSourceSize": { "x": 0, "y": 0, "w": 100, "h": 100 },
    "sourceSize": { "w": 100, "h": 100 },
    "duration": 100
   },
   "104-Yolo_sheet 36.aseprite": {
    "frame": { "x": 600, "y": 300, "w": 100, "h": 100 },
    "rotated": false,
    "trimmed": false,
    "spriteSourceSize": { "x": 0, "y": 0, "w": 100, "h": 100 },
    "sourceSize": { "w": 100, "h": 100 },
    "duration": 100
   },
   "104-Yolo_sheet 37.aseprite": {
    "frame": { "x": 700, "y": 300, "w": 100, "h": 100 },
    "rotated": false,
    "trimmed": false,
    "spriteSourceSize": { "x": 0, "y": 0, "w": 100, "h": 100 },
    "sourceSize": { "w": 100, "h": 100 },
    "duration": 100
   },
   "104-Yolo_sheet 38.aseprite": {
    "frame": { "x": 800, "y": 300, "w": 100, "h": 100 },
    "rotated": false,
    "trimmed": false,
    "spriteSourceSize": { "x": 0, "y": 0, "w": 100, "h": 100 },
    "sourceSize": { "w": 100, "h": 100 },
    "duration": 100
   },
   "104-Yolo_sheet 39.aseprite": {
    "frame": { "x": 900, "y": 300, "w": 100, "h": 100 },
    "rotated": false,
    "trimmed": false,
    "spriteSourceSize": { "x": 0, "y": 0, "w": 100, "h": 100 },
    "sourceSize": { "w": 100, "h": 100 },
    "duration": 100
   },
   "104-Yolo_sheet 40.aseprite": {
    "frame": { "x": 0, "y": 400, "w": 100, "h": 100 },
    "rotated": false,
    "trimmed": false,
    "spriteSourceSize": { "x": 0, "y": 0, "w": 100, "h": 100 },
    "sourceSize": { "w": 100, "h": 100 },
    "duration": 100
   },
   "104-Yolo_sheet 41.aseprite": {
    "frame": { "x": 100, "y": 400, "w": 100, "h": 100 },
    "rotated": false,
    "trimmed": false,
    "spriteSourceSize": { "x": 0, "y": 0, "w": 100, "h": 100 },
    "sourceSize": { "w": 100, "h": 100 },
    "duration": 100
   },
   "104-Yolo_sheet 42.aseprite": {
    "frame": { "x": 200, "y": 400, "w": 100, "h": 100 },
    "rotated": false,
    "trimmed": false,
    "spriteSourceSize": { "x": 0, "y": 0, "w": 100, "h": 100 },
    "sourceSize": { "w": 100, "h": 100 },
    "duration": 100
   },
   "104-Yolo_sheet 43.aseprite": {
    "frame": { "x": 300, "y": 400, "w": 100, "h": 100 },
    "rotated": false,
    "trimmed": false,
    "spriteSourceSize": { "x": 0, "y": 0, "w": 100, "h": 100 },
    "sourceSize": { "w": 100, "h": 100 },
    "duration": 100
   },
   "104-Yolo_sheet 44.aseprite": {
    "frame": { "x": 400, "y": 400, "w": 100, "h": 100 },
    "rotated": false,
    "trimmed": false,
    "spriteSourceSize": { "x": 0, "y": 0, "w": 100, "h": 100 },
    "sourceSize": { "w": 100, "h": 100 },
    "duration": 100
   },
   "104-Yolo_sheet 45.aseprite": {
    "frame": { "x": 500, "y": 400, "w": 100, "h": 100 },
    "rotated": false,
    "trimmed": false,
    "spriteSourceSize": { "x": 0, "y": 0, "w": 100, "h": 100 },
    "sourceSize": { "w": 100, "h": 100 },
    "duration": 100
   },
   "104-Yolo_sheet 46.aseprite": {
    "frame": { "x": 600, "y": 400, "w": 100, "h": 100 },
    "rotated": false,
    "trimmed": false,
    "spriteSourceSize": { "x": 0, "y": 0, "w": 100, "h": 100 },
    "sourceSize": { "w": 100, "h": 100 },
    "duration": 100
   },
   "104-Yolo_sheet 47.aseprite": {
    "frame": { "x": 700, "y": 400, "w": 100, "h": 100 },
    "rotated": false,
    "trimmed": false,
    "spriteSourceSize": { "x": 0, "y": 0, "w": 100, "h": 100 },
    "sourceSize": { "w": 100, "h": 100 },
    "duration": 100
   },
   "104-Yolo_sheet 48.aseprite": {
    "frame": { "x": 800, "y": 400, "w": 100, "h": 100 },
    "rotated": false,
    "trimmed": false,
    "spriteSourceSize": { "x": 0, "y": 0, "w": 100, "h": 100 },
    "sourceSize": { "w": 100, "h": 100 },
    "duration": 100
   },
   "104-Yolo_sheet 49.aseprite": {
    "frame": { "x": 900, "y": 400, "w": 100, "h": 100 },
    "rotated": false,
    "trimmed": false,
    "spriteSourceSize": { "x": 0, "y": 0, "w": 100, "h": 100 },
    "sourceSize": { "w": 100, "h": 100 },
    "duration": 100
   },
   "104-Yolo_sheet 50.aseprite": {
    "frame": { "x": 0, "y": 500, "w": 100, "h": 100 },
    "rotated": false,
    "trimmed": false,
    "spriteSourceSize": { "x": 0, "y": 0, "w": 100, "h": 100 },
    "sourceSize": { "w": 100, "h": 100 },
    "duration": 100
   },
   "104-Yolo_sheet 51.aseprite": {
    "frame": { "x": 100, "y": 500, "w": 100, "h": 100 },
    "rotated": false,
    "trimmed": false,
    "spriteSourceSize": { "x": 0, "y": 0, "w": 100, "h": 100 },
    "sourceSize": { "w": 100, "h": 100 },
    "duration": 100
   },
   "104-Yolo_sheet 52.aseprite": {
    "frame": { "x": 200, "y": 500, "w": 100, "h": 100 },
    "rotated": false,
    "trimmed": false,
    "spriteSourceSize": { "x": 0, "y": 0, "w": 100, "h": 100 },
    "sourceSize": { "w": 100, "h": 100 },
    "duration": 100
   },
   "104-Yolo_sheet 53.aseprite": {
    "frame": { "x": 300, "y": 500, "w": 100, "h": 100 },
    "rotated": false,
    "trimmed": false,
    "spriteSourceSize": { "x": 0, "y": 0, "w": 100, "h": 100 },
    "sourceSize": { "w": 100, "h": 100 },
    "duration": 100
   },
   "104-Yolo_sheet 54.aseprite": {
    "frame": { "x": 400, "y": 500, "w": 100, "h": 100 },
    "rotated": false,
    "trimmed": false,
    "spriteSourceSize": { "x": 0, "y": 0, "w": 100, "h": 100 },
    "sourceSize": { "w": 100, "h": 100 },
    "duration": 100
   },
   "104-Yolo_sheet 55.aseprite": {
    "frame": { "x": 500, "y": 500, "w": 100, "h": 100 },
    "rotated": false,
    "trimmed": false,
    "spriteSourceSize": { "x": 0, "y": 0, "w": 100, "h": 100 },
    "sourceSize": { "w": 100, "h": 100 },
    "duration": 100
   },
   "104-Yolo_sheet 56.aseprite": {
    "frame": { "x": 600, "y": 500, "w": 100, "h": 100 },
    "rotated": false,
    "trimmed": false,
    "spriteSourceSize": { "x": 0, "y": 0, "w": 100, "h": 100 },
    "sourceSize": { "w": 100, "h": 100 },
    "duration": 100
   },
   "104-Yolo_sheet 57.aseprite": {
    "frame": { "x": 700, "y": 500, "w": 100, "h": 100 },
    "rotated": false,
    "trimmed": false,
    "spriteSourceSize": { "x": 0, "y": 0, "w": 100, "h": 100 },
    "sourceSize": { "w": 100, "h": 100 },
    "duration": 100
   },
   "104-Yolo_sheet 58.aseprite": {
    "frame": { "x": 800, "y": 500, "w": 100, "h": 100 },
    "rotated": false,
    "trimmed": false,
    "spriteSourceSize": { "x": 0, "y": 0, "w": 100, "h": 100 },
    "sourceSize": { "w": 100, "h": 100 },
    "duration": 100
   },
   "104-Yolo_sheet 59.aseprite": {
    "frame": { "x": 900, "y": 500, "w": 100, "h": 100 },
    "rotated": false,
    "trimmed": false,
    "spriteSourceSize": { "x": 0, "y": 0, "w": 100, "h": 100 },
    "sourceSize": { "w": 100, "h": 100 },
    "duration": 100
   },
   "104-Yolo_sheet 60.aseprite": {
    "frame": { "x": 0, "y": 600, "w": 100, "h": 100 },
    "rotated": false,
    "trimmed": false,
    "spriteSourceSize": { "x": 0, "y": 0, "w": 100, "h": 100 },
    "sourceSize": { "w": 100, "h": 100 },
    "duration": 100
   },
   "104-Yolo_sheet 61.aseprite": {
    "frame": { "x": 100, "y": 600, "w": 100, "h": 100 },
    "rotated": false,
    "trimmed": false,
    "spriteSourceSize": { "x": 0, "y": 0, "w": 100, "h": 100 },
    "sourceSize": { "w": 100, "h": 100 },
    "duration": 100
   },
   "104-Yolo_sheet 62.aseprite": {
    "frame": { "x": 200, "y": 600, "w": 100, "h": 100 },
    "rotated": false,
    "trimmed": false,
    "spriteSourceSize": { "x": 0, "y": 0, "w": 100, "h": 100 },
    "sourceSize": { "w": 100, "h": 100 },
    "duration": 100
   },
   "104-Yolo_sheet 63.aseprite": {
    "frame": { "x": 300, "y": 600, "w": 100, "h": 100 },
    "rotated": false,
    "trimmed": false,
    "spriteSourceSize": { "x": 0, "y": 0, "w": 100, "h": 100 },
    "sourceSize": { "w": 100, "h": 100 },
    "duration": 100
   },
   "104-Yolo_sheet 64.aseprite": {
    "frame": { "x": 400, "y": 600, "w": 100, "h": 100 },
    "rotated": false,
    "trimmed": false,
    "spriteSourceSize": { "x": 0, "y": 0, "w": 100, "h": 100 },
    "sourceSize": { "w": 100, "h": 100 },
    "duration": 100
   },
   "104-Yolo_sheet 65.aseprite": {
    "frame": { "x": 500, "y": 600, "w": 100, "h": 100 },
    "rotated": false,
    "trimmed": false,
    "spriteSourceSize": { "x": 0, "y": 0, "w": 100, "h": 100 },
    "sourceSize": { "w": 100, "h": 100 },
    "duration": 100
   },
   "104-Yolo_sheet 66.aseprite": {
    "frame": { "x": 600, "y": 600, "w": 100, "h": 100 },
    "rotated": false,
    "trimmed": false,
    "spriteSourceSize": { "x": 0, "y": 0, "w": 100, "h": 100 },
    "sourceSize": { "w": 100, "h": 100 },
    "duration": 100
   },
   "104-Yolo_sheet 67.aseprite": {
    "frame": { "x": 700, "y": 600, "w": 100, "h": 100 },
    "rotated": false,
    "trimmed": false,
    "spriteSourceSize": { "x": 0, "y": 0, "w": 100, "h": 100 },
    "sourceSize": { "w": 100, "h": 100 },
    "duration": 100
   },
   "104-Yolo_sheet 68.aseprite": {
    "frame": { "x": 800, "y": 600, "w": 100, "h": 100 },
    "rotated": false,
    "trimmed": false,
    "spriteSourceSize": { "x": 0, "y": 0, "w": 100, "h": 100 },
    "sourceSize": { "w": 100, "h": 100 },
    "duration": 100
   },
   "104-Yolo_sheet 69.aseprite": {
    "frame": { "x": 900, "y": 600, "w": 100, "h": 100 },
    "rotated": false,
    "trimmed": false,
    "spriteSourceSize": { "x": 0, "y": 0, "w": 100, "h": 100 },
    "sourceSize": { "w": 100, "h": 100 },
    "duration": 100
   },
   "104-Yolo_sheet 70.aseprite": {
    "frame": { "x": 0, "y": 700, "w": 100, "h": 100 },
    "rotated": false,
    "trimmed": false,
    "spriteSourceSize": { "x": 0, "y": 0, "w": 100, "h": 100 },
    "sourceSize": { "w": 100, "h": 100 },
    "duration": 100
   },
   "104-Yolo_sheet 71.aseprite": {
    "frame": { "x": 100, "y": 700, "w": 100, "h": 100 },
    "rotated": false,
    "trimmed": false,
    "spriteSourceSize": { "x": 0, "y": 0, "w": 100, "h": 100 },
    "sourceSize": { "w": 100, "h": 100 },
    "duration": 100
   },
   "104-Yolo_sheet 72.aseprite": {
    "frame": { "x": 200, "y": 700, "w": 100, "h": 100 },
    "rotated": false,
    "trimmed": false,
    "spriteSourceSize": { "x": 0, "y": 0, "w": 100, "h": 100 },
    "sourceSize": { "w": 100, "h": 100 },
    "duration": 100
   },
   "104-Yolo_sheet 73.aseprite": {
    "frame": { "x": 300, "y": 700, "w": 100, "h": 100 },
    "rotated": false,
    "trimmed": false,
    "spriteSourceSize": { "x": 0, "y": 0, "w": 100, "h": 100 },
    "sourceSize": { "w": 100, "h": 100 },
    "duration": 100
   },
   "104-Yolo_sheet 74.aseprite": {
    "frame": { "x": 400, "y": 700, "w": 100, "h": 100 },
    "rotated": false,
    "trimmed": false,
    "spriteSourceSize": { "x": 0, "y": 0, "w": 100, "h": 100 },
    "sourceSize": { "w": 100, "h": 100 },
    "duration": 100
   },
   "104-Yolo_sheet 75.aseprite": {
    "frame": { "x": 500, "y": 700, "w": 100, "h": 100 },
    "rotated": false,
    "trimmed": false,
    "spriteSourceSize": { "x": 0, "y": 0, "w": 100, "h": 100 },
    "sourceSize": { "w": 100, "h": 100 },
    "duration": 100
   },
   "104-Yolo_sheet 76.aseprite": {
    "frame": { "x": 600, "y": 700, "w": 100, "h": 100 },
    "rotated": false,
    "trimmed": false,
    "spriteSourceSize": { "x": 0, "y": 0, "w": 100, "h": 100 },
    "sourceSize": { "w": 100, "h": 100 },
    "duration": 100
   },
   "104-Yolo_sheet 77.aseprite": {
    "frame": { "x": 700, "y": 700, "w": 100, "h": 100 },
    "rotated": false,
    "trimmed": false,
    "spriteSourceSize": { "x": 0, "y": 0, "w": 100, "h": 100 },
    "sourceSize": { "w": 100, "h": 100 },
    "duration": 100
   },
   "104-Yolo_sheet 78.aseprite": {
    "frame": { "x": 800, "y": 700, "w": 100, "h": 100 },
    "rotated": false,
    "trimmed": false,
    "spriteSourceSize": { "x": 0, "y": 0, "w": 100, "h": 100 },
    "sourceSize": { "w": 100, "h": 100 },
    "duration": 100
   },
   "104-Yolo_sheet 79.aseprite": {
    "frame": { "x": 900, "y": 700, "w": 100, "h": 100 },
    "rotated": false,
    "trimmed": false,
    "spriteSourceSize": { "x": 0, "y": 0, "w": 100, "h": 100 },
    "sourceSize": { "w": 100, "h": 100 },
    "duration": 100
   },
   "104-Yolo_sheet 80.aseprite": {
    "frame": { "x": 0, "y": 800, "w": 100, "h": 100 },
    "rotated": false,
    "trimmed": false,
    "spriteSourceSize": { "x": 0, "y": 0, "w": 100, "h": 100 },
    "sourceSize": { "w": 100, "h": 100 },
    "duration": 100
   },
   "104-Yolo_sheet 81.aseprite": {
    "frame": { "x": 100, "y": 800, "w": 100, "h": 100 },
    "rotated": false,
    "trimmed": false,
    "spriteSourceSize": { "x": 0, "y": 0, "w": 100, "h": 100 },
    "sourceSize": { "w": 100, "h": 100 },
    "duration": 100
   },
   "104-Yolo_sheet 82.aseprite": {
    "frame": { "x": 200, "y": 800, "w": 100, "h": 100 },
    "rotated": false,
    "trimmed": false,
    "spriteSourceSize": { "x": 0, "y": 0, "w": 100, "h": 100 },
    "sourceSize": { "w": 100, "h": 100 },
    "duration": 100
   },
   "104-Yolo_sheet 83.aseprite": {
    "frame": { "x": 300, "y": 800, "w": 100, "h": 100 },
    "rotated": false,
    "trimmed": false,
    "spriteSourceSize": { "x": 0, "y": 0, "w": 100, "h": 100 },
    "sourceSize": { "w": 100, "h": 100 },
    "duration": 100
   },
   "104-Yolo_sheet 84.aseprite": {
    "frame": { "x": 400, "y": 800, "w": 100, "h": 100 },
    "rotated": false,
    "trimmed": false,
    "spriteSourceSize": { "x": 0, "y": 0, "w": 100, "h": 100 },
    "sourceSize": { "w": 100, "h": 100 },
    "duration": 100
   },
   "104-Yolo_sheet 85.aseprite": {
    "frame": { "x": 500, "y": 800, "w": 100, "h": 100 },
    "rotated": false,
    "trimmed": false,
    "spriteSourceSize": { "x": 0, "y": 0, "w": 100, "h": 100 },
    "sourceSize": { "w": 100, "h": 100 },
    "duration": 100
   },
   "104-Yolo_sheet 86.aseprite": {
    "frame": { "x": 600, "y": 800, "w": 100, "h": 100 },
    "rotated": false,
    "trimmed": false,
    "spriteSourceSize": { "x": 0, "y": 0, "w": 100, "h": 100 },
    "sourceSize": { "w": 100, "h": 100 },
    "duration": 100
   },
   "104-Yolo_sheet 87.aseprite": {
    "frame": { "x": 700, "y": 800, "w": 100, "h": 100 },
    "rotated": false,
    "trimmed": false,
    "spriteSourceSize": { "x": 0, "y": 0, "w": 100, "h": 100 },
    "sourceSize": { "w": 100, "h": 100 },
    "duration": 100
   },
   "104-Yolo_sheet 88.aseprite": {
    "frame": { "x": 800, "y": 800, "w": 100, "h": 100 },
    "rotated": false,
    "trimmed": false,
    "spriteSourceSize": { "x": 0, "y": 0, "w": 100, "h": 100 },
    "sourceSize": { "w": 100, "h": 100 },
    "duration": 100
   },
   "104-Yolo_sheet 89.aseprite": {
    "frame": { "x": 900, "y": 800, "w": 100, "h": 100 },
    "rotated": false,
    "trimmed": false,
    "spriteSourceSize": { "x": 0, "y": 0, "w": 100, "h": 100 },
    "sourceSize": { "w": 100, "h": 100 },
    "duration": 100
   },
   "104-Yolo_sheet 90.aseprite": {
    "frame": { "x": 0, "y": 900, "w": 100, "h": 100 },
    "rotated": false,
    "trimmed": false,
    "spriteSourceSize": { "x": 0, "y": 0, "w": 100, "h": 100 },
    "sourceSize": { "w": 100, "h": 100 },
    "duration": 100
   },
   "104-Yolo_sheet 91.aseprite": {
    "frame": { "x": 100, "y": 900, "w": 100, "h": 100 },
    "rotated": false,
    "trimmed": false,
    "spriteSourceSize": { "x": 0, "y": 0, "w": 100, "h": 100 },
    "sourceSize": { "w": 100, "h": 100 },
    "duration": 100
   },
   "104-Yolo_sheet 92.aseprite": {
    "frame": { "x": 200, "y": 900, "w": 100, "h": 100 },
    "rotated": false,
    "trimmed": false,
    "spriteSourceSize": { "x": 0, "y": 0, "w": 100, "h": 100 },
    "sourceSize": { "w": 100, "h": 100 },
    "duration": 100
   },
   "104-Yolo_sheet 93.aseprite": {
    "frame": { "x": 300, "y": 900, "w": 100, "h": 100 },
    "rotated": false,
    "trimmed": false,
    "spriteSourceSize": { "x": 0, "y": 0, "w": 100, "h": 100 },
    "sourceSize": { "w": 100, "h": 100 },
    "duration": 100
   },
   "104-Yolo_sheet 94.aseprite": {
    "frame": { "x": 400, "y": 900, "w": 100, "h": 100 },
    "rotated": false,
    "trimmed": false,
    "spriteSourceSize": { "x": 0, "y": 0, "w": 100, "h": 100 },
    "sourceSize": { "w": 100, "h": 100 },
    "duration": 100
   },
   "104-Yolo_sheet 95.aseprite": {
    "frame": { "x": 500, "y": 900, "w": 100, "h": 100 },
    "rotated": false,
    "trimmed": false,
    "spriteSourceSize": { "x": 0, "y": 0, "w": 100, "h": 100 },
    "sourceSize": { "w": 100, "h": 100 },
    "duration": 100
   },
   "104-Yolo_sheet 96.aseprite": {
    "frame": { "x": 600, "y": 900, "w": 100, "h": 100 },
    "rotated": false,
    "trimmed": false,
    "spriteSourceSize": { "x": 0, "y": 0, "w": 100, "h": 100 },
    "sourceSize": { "w": 100, "h": 100 },
    "duration": 100
   },
   "104-Yolo_sheet 97.aseprite": {
    "frame": { "x": 700, "y": 900, "w": 100, "h": 100 },
    "rotated": false,
    "trimmed": false,
    "spriteSourceSize": { "x": 0, "y": 0, "w": 100, "h": 100 },
    "sourceSize": { "w": 100, "h": 100 },
    "duration": 100
   },
   "104-Yolo_sheet 98.aseprite": {
    "frame": { "x": 800, "y": 900, "w": 100, "h": 100 },
    "rotated": false,
    "trimmed": false,
    "spriteSourceSize": { "x": 0, "y": 0, "w": 100, "h": 100 },
    "sourceSize": { "w": 100, "h": 100 },
    "duration": 100
   },
   "104-Yolo_sheet 99.aseprite": {
    "frame": { "x": 900, "y": 900, "w": 100, "h": 100 },
    "rotated": false,
    "trimmed": false,
    "spriteSourceSize": { "x": 0, "y": 0, "w": 100, "h": 100 },
    "sourceSize": { "w": 100, "h": 100 },
    "duration": 100
   },
   "104-Yolo_sheet 100.aseprite": {
    "frame": { "x": 0, "y": 1000, "w": 100, "h": 100 },
    "rotated": false,
    "trimmed": false,
    "spriteSourceSize": { "x": 0, "y": 0, "w": 100, "h": 100 },
    "sourceSize": { "w": 100, "h": 100 },
    "duration": 100
   },
   "104-Yolo_sheet 101.aseprite": {
    "frame": { "x": 100, "y": 1000, "w": 100, "h": 100 },
    "rotated": false,
    "trimmed": false,
    "spriteSourceSize": { "x": 0, "y": 0, "w": 100, "h": 100 },
    "sourceSize": { "w": 100, "h": 100 },
    "duration": 100
   },
   "104-Yolo_sheet 102.aseprite": {
    "frame": { "x": 200, "y": 1000, "w": 100, "h": 100 },
    "rotated": false,
    "trimmed": false,
    "spriteSourceSize": { "x": 0, "y": 0, "w": 100, "h": 100 },
    "sourceSize": { "w": 100, "h": 100 },
    "duration": 100
   },
   "104-Yolo_sheet 103.aseprite": {
    "frame": { "x": 300, "y": 1000, "w": 100, "h": 100 },
    "rotated": false,
    "trimmed": false,
    "spriteSourceSize": { "x": 0, "y": 0, "w": 100, "h": 100 },
    "sourceSize": { "w": 100, "h": 100 },
    "duration": 100
   },
   "104-Yolo_sheet 104.aseprite": {
    "frame": { "x": 400, "y": 1000, "w": 100, "h": 100 },
    "rotated": false,
    "trimmed": false,
    "spriteSourceSize": { "x": 0, "y": 0, "w": 100, "h": 100 },
    "sourceSize": { "w": 100, "h": 100 },
    "duration": 100
   },
   "104-Yolo_sheet 105.aseprite": {
    "frame": { "x": 500, "y": 1000, "w": 100, "h": 100 },
    "rotated": false,
    "trimmed": false,
    "spriteSourceSize": { "x": 0, "y": 0, "w": 100, "h": 100 },
    "sourceSize": { "w": 100, "h": 100 },
    "duration": 100
   },
   "104-Yolo_sheet 106.aseprite": {
    "frame": { "x": 600, "y": 1000, "w": 100, "h": 100 },
    "rotated": false,
    "trimmed": false,
    "spriteSourceSize": { "x": 0, "y": 0, "w": 100, "h": 100 },
    "sourceSize": { "w": 100, "h": 100 },
    "duration": 100
   },
   "104-Yolo_sheet 107.aseprite": {
    "frame": { "x": 700, "y": 1000, "w": 100, "h": 100 },
    "rotated": false,
    "trimmed": false,
    "spriteSourceSize": { "x": 0, "y": 0, "w": 100, "h": 100 },
    "sourceSize": { "w": 100, "h": 100 },
    "duration": 100
   },
   "104-Yolo_sheet 108.aseprite": {
    "frame": { "x": 800, "y": 1000, "w": 100, "h": 100 },
    "rotated": false,
    "trimmed": false,
    "spriteSourceSize": { "x": 0, "y": 0, "w": 100, "h": 100 },
    "sourceSize": { "w": 100, "h": 100 },
    "duration": 100
   },
   "104-Yolo_sheet 109.aseprite": {
    "frame": { "x": 900, "y": 1000, "w": 100, "h": 100 },
    "rotated": false,
    "trimmed": false,
    "spriteSourceSize": { "x": 0, "y": 0, "w": 100, "h": 100 },
    "sourceSize": { "w": 100, "h": 100 },
    "duration": 100
   },
   "104-Yolo_sheet 110.aseprite": {
    "frame": { "x": 0, "y": 1100, "w": 100, "h": 100 },
    "rotated": false,
    "trimmed": false,
    "spriteSourceSize": { "x": 0, "y": 0, "w": 100, "h": 100 },
    "sourceSize": { "w": 100, "h": 100 },
    "duration": 100
   },
   "104-Yolo_sheet 111.aseprite": {
    "frame": { "x": 100, "y": 1100, "w": 100, "h": 100 },
    "rotated": false,
    "trimmed": false,
    "spriteSourceSize": { "x": 0, "y": 0, "w": 100, "h": 100 },
    "sourceSize": { "w": 100, "h": 100 },
    "duration": 100
   },
   "104-Yolo_sheet 112.aseprite": {
    "frame": { "x": 200, "y": 1100, "w": 100, "h": 100 },
    "rotated": false,
    "trimmed": false,
    "spriteSourceSize": { "x": 0, "y": 0, "w": 100, "h": 100 },
    "sourceSize": { "w": 100, "h": 100 },
    "duration": 100
   },
   "104-Yolo_sheet 113.aseprite": {
    "frame": { "x": 300, "y": 1100, "w": 100, "h": 100 },
    "rotated": false,
    "trimmed": false,
    "spriteSourceSize": { "x": 0, "y": 0, "w": 100, "h": 100 },
    "sourceSize": { "w": 100, "h": 100 },
    "duration": 100
   },
   "104-Yolo_sheet 114.aseprite": {
    "frame": { "x": 400, "y": 1100, "w": 100, "h": 100 },
    "rotated": false,
    "trimmed": false,
    "spriteSourceSize": { "x": 0, "y": 0, "w": 100, "h": 100 },
    "sourceSize": { "w": 100, "h": 100 },
    "duration": 100
   },
   "104-Yolo_sheet 115.aseprite": {
    "frame": { "x": 500, "y": 1100, "w": 100, "h": 100 },
    "rotated": false,
    "trimmed": false,
    "spriteSourceSize": { "x": 0, "y": 0, "w": 100, "h": 100 },
    "sourceSize": { "w": 100, "h": 100 },
    "duration": 100
   },
   "104-Yolo_sheet 116.aseprite": {
    "frame": { "x": 600, "y": 1100, "w": 100, "h": 100 },
    "rotated": false,
    "trimmed": false,
    "spriteSourceSize": { "x": 0, "y": 0, "w": 100, "h": 100 },
    "sourceSize": { "w": 100, "h": 100 },
    "duration": 100
   },
   "104-Yolo_sheet 117.aseprite": {
    "frame": { "x": 700, "y": 1100, "w": 100, "h": 100 },
    "rotated": false,
    "trimmed": false,
    "spriteSourceSize": { "x": 0, "y": 0, "w": 100, "h": 100 },
    "sourceSize": { "w": 100, "h": 100 },
    "duration": 100
   },
   "104-Yolo_sheet 118.aseprite": {
    "frame": { "x": 800, "y": 1100, "w": 100, "h": 100 },
    "rotated": false,
    "trimmed": false,
    "spriteSourceSize": { "x": 0, "y": 0, "w": 100, "h": 100 },
    "sourceSize": { "w": 100, "h": 100 },
    "duration": 100
   },
   "104-Yolo_sheet 119.aseprite": {
    "frame": { "x": 900, "y": 1100, "w": 100, "h": 100 },
    "rotated": false,
    "trimmed": false,
    "spriteSourceSize": { "x": 0, "y": 0, "w": 100, "h": 100 },
    "sourceSize": { "w": 100, "h": 100 },
    "duration": 100
   },
   "104-Yolo_sheet 120.aseprite": {
    "frame": { "x": 0, "y": 1200, "w": 100, "h": 100 },
    "rotated": false,
    "trimmed": false,
    "spriteSourceSize": { "x": 0, "y": 0, "w": 100, "h": 100 },
    "sourceSize": { "w": 100, "h": 100 },
    "duration": 100
   },
   "104-Yolo_sheet 121.aseprite": {
    "frame": { "x": 100, "y": 1200, "w": 100, "h": 100 },
    "rotated": false,
    "trimmed": false,
    "spriteSourceSize": { "x": 0, "y": 0, "w": 100, "h": 100 },
    "sourceSize": { "w": 100, "h": 100 },
    "duration": 100
   },
   "104-Yolo_sheet 122.aseprite": {
    "frame": { "x": 200, "y": 1200, "w": 100, "h": 100 },
    "rotated": false,
    "trimmed": false,
    "spriteSourceSize": { "x": 0, "y": 0, "w": 100, "h": 100 },
    "sourceSize": { "w": 100, "h": 100 },
    "duration": 100
   },
   "104-Yolo_sheet 123.aseprite": {
    "frame": { "x": 300, "y": 1200, "w": 100, "h": 100 },
    "rotated": false,
    "trimmed": false,
    "spriteSourceSize": { "x": 0, "y": 0, "w": 100, "h": 100 },
    "sourceSize": { "w": 100, "h": 100 },
    "duration": 100
   },
   "104-Yolo_sheet 124.aseprite": {
    "frame": { "x": 400, "y": 1200, "w": 100, "h": 100 },
    "rotated": false,
    "trimmed": false,
    "spriteSourceSize": { "x": 0, "y": 0, "w": 100, "h": 100 },
    "sourceSize": { "w": 100, "h": 100 },
    "duration": 100
   },
   "104-Yolo_sheet 125.aseprite": {
    "frame": { "x": 500, "y": 1200, "w": 100, "h": 100 },
    "rotated": false,
    "trimmed": false,
    "spriteSourceSize": { "x": 0, "y": 0, "w": 100, "h": 100 },
    "sourceSize": { "w": 100, "h": 100 },
    "duration": 100
   },
   "104-Yolo_sheet 126.aseprite": {
    "frame": { "x": 600, "y": 1200, "w": 100, "h": 100 },
    "rotated": false,
    "trimmed": false,
    "spriteSourceSize": { "x": 0, "y": 0, "w": 100, "h": 100 },
    "sourceSize": { "w": 100, "h": 100 },
    "duration": 100
   },
   "104-Yolo_sheet 127.aseprite": {
    "frame": { "x": 700, "y": 1200, "w": 100, "h": 100 },
    "rotated": false,
    "trimmed": false,
    "spriteSourceSize": { "x": 0, "y": 0, "w": 100, "h": 100 },
    "sourceSize": { "w": 100, "h": 100 },
    "duration": 100
   },
   "104-Yolo_sheet 128.aseprite": {
    "frame": { "x": 800, "y": 1200, "w": 100, "h": 100 },
    "rotated": false,
    "trimmed": false,
    "spriteSourceSize": { "x": 0, "y": 0, "w": 100, "h": 100 },
    "sourceSize": { "w": 100, "h": 100 },
    "duration": 100
   },
   "104-Yolo_sheet 129.aseprite": {
    "frame": { "x": 900, "y": 1200, "w": 100, "h": 100 },
    "rotated": false,
    "trimmed": false,
    "spriteSourceSize": { "x": 0, "y": 0, "w": 100, "h": 100 },
    "sourceSize": { "w": 100, "h": 100 },
    "duration": 100
   },
   "104-Yolo_sheet 130.aseprite": {
    "frame": { "x": 0, "y": 1300, "w": 100, "h": 100 },
    "rotated": false,
    "trimmed": false,
    "spriteSourceSize": { "x": 0, "y": 0, "w": 100, "h": 100 },
    "sourceSize": { "w": 100, "h": 100 },
    "duration": 100
   },
   "104-Yolo_sheet 131.aseprite": {
    "frame": { "x": 100, "y": 1300, "w": 100, "h": 100 },
    "rotated": false,
    "trimmed": false,
    "spriteSourceSize": { "x": 0, "y": 0, "w": 100, "h": 100 },
    "sourceSize": { "w": 100, "h": 100 },
    "duration": 100
   },
   "104-Yolo_sheet 132.aseprite": {
    "frame": { "x": 200, "y": 1300, "w": 100, "h": 100 },
    "rotated": false,
    "trimmed": false,
    "spriteSourceSize": { "x": 0, "y": 0, "w": 100, "h": 100 },
    "sourceSize": { "w": 100, "h": 100 },
    "duration": 100
   },
   "104-Yolo_sheet 133.aseprite": {
    "frame": { "x": 300, "y": 1300, "w": 100, "h": 100 },
    "rotated": false,
    "trimmed": false,
    "spriteSourceSize": { "x": 0, "y": 0, "w": 100, "h": 100 },
    "sourceSize": { "w": 100, "h": 100 },
    "duration": 100
   },
   "104-Yolo_sheet 134.aseprite": {
    "frame": { "x": 400, "y": 1300, "w": 100, "h": 100 },
    "rotated": false,
    "trimmed": false,
    "spriteSourceSize": { "x": 0, "y": 0, "w": 100, "h": 100 },
    "sourceSize": { "w": 100, "h": 100 },
    "duration": 100
   },
   "104-Yolo_sheet 135.aseprite": {
    "frame": { "x": 500, "y": 1300, "w": 100, "h": 100 },
    "rotated": false,
    "trimmed": false,
    "spriteSourceSize": { "x": 0, "y": 0, "w": 100, "h": 100 },
    "sourceSize": { "w": 100, "h": 100 },
    "duration": 100
   },
   "104-Yolo_sheet 136.aseprite": {
    "frame": { "x": 600, "y": 1300, "w": 100, "h": 100 },
    "rotated": false,
    "trimmed": false,
    "spriteSourceSize": { "x": 0, "y": 0, "w": 100, "h": 100 },
    "sourceSize": { "w": 100, "h": 100 },
    "duration": 100
   },
   "104-Yolo_sheet 137.aseprite": {
    "frame": { "x": 700, "y": 1300, "w": 100, "h": 100 },
    "rotated": false,
    "trimmed": false,
    "spriteSourceSize": { "x": 0, "y": 0, "w": 100, "h": 100 },
    "sourceSize": { "w": 100, "h": 100 },
    "duration": 100
   },
   "104-Yolo_sheet 138.aseprite": {
    "frame": { "x": 800, "y": 1300, "w": 100, "h": 100 },
    "rotated": false,
    "trimmed": false,
    "spriteSourceSize": { "x": 0, "y": 0, "w": 100, "h": 100 },
    "sourceSize": { "w": 100, "h": 100 },
    "duration": 100
   },
   "104-Yolo_sheet 139.aseprite": {
    "frame": { "x": 900, "y": 1300, "w": 100, "h": 100 },
    "rotated": false,
    "trimmed": false,
    "spriteSourceSize": { "x": 0, "y": 0, "w": 100, "h": 100 },
    "sourceSize": { "w": 100, "h": 100 },
    "duration": 100
   },
   "104-Yolo_sheet 140.aseprite": {
    "frame": { "x": 0, "y": 1400, "w": 100, "h": 100 },
    "rotated": false,
    "trimmed": false,
    "spriteSourceSize": { "x": 0, "y": 0, "w": 100, "h": 100 },
    "sourceSize": { "w": 100, "h": 100 },
    "duration": 100
   },
   "104-Yolo_sheet 141.aseprite": {
    "frame": { "x": 100, "y": 1400, "w": 100, "h": 100 },
    "rotated": false,
    "trimmed": false,
    "spriteSourceSize": { "x": 0, "y": 0, "w": 100, "h": 100 },
    "sourceSize": { "w": 100, "h": 100 },
    "duration": 100
   },
   "104-Yolo_sheet 142.aseprite": {
    "frame": { "x": 200, "y": 1400, "w": 100, "h": 100 },
    "rotated": false,
    "trimmed": false,
    "spriteSourceSize": { "x": 0, "y": 0, "w": 100, "h": 100 },
    "sourceSize": { "w": 100, "h": 100 },
    "duration": 100
   },
   "104-Yolo_sheet 143.aseprite": {
    "frame": { "x": 300, "y": 1400, "w": 100, "h": 100 },
    "rotated": false,
    "trimmed": false,
    "spriteSourceSize": { "x": 0, "y": 0, "w": 100, "h": 100 },
    "sourceSize": { "w": 100, "h": 100 },
    "duration": 100
   },
   "104-Yolo_sheet 144.aseprite": {
    "frame": { "x": 400, "y": 1400, "w": 100, "h": 100 },
    "rotated": false,
    "trimmed": false,
    "spriteSourceSize": { "x": 0, "y": 0, "w": 100, "h": 100 },
    "sourceSize": { "w": 100, "h": 100 },
    "duration": 100
   },
   "104-Yolo_sheet 145.aseprite": {
    "frame": { "x": 500, "y": 1400, "w": 100, "h": 100 },
    "rotated": false,
    "trimmed": false,
    "spriteSourceSize": { "x": 0, "y": 0, "w": 100, "h": 100 },
    "sourceSize": { "w": 100, "h": 100 },
    "duration": 100
   },
   "104-Yolo_sheet 146.aseprite": {
    "frame": { "x": 600, "y": 1400, "w": 100, "h": 100 },
    "rotated": false,
    "trimmed": false,
    "spriteSourceSize": { "x": 0, "y": 0, "w": 100, "h": 100 },
    "sourceSize": { "w": 100, "h": 100 },
    "duration": 100
   },
   "104-Yolo_sheet 147.aseprite": {
    "frame": { "x": 700, "y": 1400, "w": 100, "h": 100 },
    "rotated": false,
    "trimmed": false,
    "spriteSourceSize": { "x": 0, "y": 0, "w": 100, "h": 100 },
    "sourceSize": { "w": 100, "h": 100 },
    "duration": 100
   },
   "104-Yolo_sheet 148.aseprite": {
    "frame": { "x": 800, "y": 1400, "w": 100, "h": 100 },
    "rotated": false,
    "trimmed": false,
    "spriteSourceSize": { "x": 0, "y": 0, "w": 100, "h": 100 },
    "sourceSize": { "w": 100, "h": 100 },
    "duration": 100
   },
   "104-Yolo_sheet 149.aseprite": {
    "frame": { "x": 900, "y": 1400, "w": 100, "h": 100 },
    "rotated": false,
    "trimmed": false,
    "spriteSourceSize": { "x": 0, "y": 0, "w": 100, "h": 100 },
    "sourceSize": { "w": 100, "h": 100 },
    "duration": 100
   },
   "104-Yolo_sheet 150.aseprite": {
    "frame": { "x": 0, "y": 1500, "w": 100, "h": 100 },
    "rotated": false,
    "trimmed": false,
    "spriteSourceSize": { "x": 0, "y": 0, "w": 100, "h": 100 },
    "sourceSize": { "w": 100, "h": 100 },
    "duration": 100
   },
   "104-Yolo_sheet 151.aseprite": {
    "frame": { "x": 100, "y": 1500, "w": 100, "h": 100 },
    "rotated": false,
    "trimmed": false,
    "spriteSourceSize": { "x": 0, "y": 0, "w": 100, "h": 100 },
    "sourceSize": { "w": 100, "h": 100 },
    "duration": 100
   },
   "104-Yolo_sheet 152.aseprite": {
    "frame": { "x": 200, "y": 1500, "w": 100, "h": 100 },
    "rotated": false,
    "trimmed": false,
    "spriteSourceSize": { "x": 0, "y": 0, "w": 100, "h": 100 },
    "sourceSize": { "w": 100, "h": 100 },
    "duration": 100
   },
   "104-Yolo_sheet 153.aseprite": {
    "frame": { "x": 300, "y": 1500, "w": 100, "h": 100 },
    "rotated": false,
    "trimmed": false,
    "spriteSourceSize": { "x": 0, "y": 0, "w": 100, "h": 100 },
    "sourceSize": { "w": 100, "h": 100 },
    "duration": 100
   },
   "104-Yolo_sheet 154.aseprite": {
    "frame": { "x": 400, "y": 1500, "w": 100, "h": 100 },
    "rotated": false,
    "trimmed": false,
    "spriteSourceSize": { "x": 0, "y": 0, "w": 100, "h": 100 },
    "sourceSize": { "w": 100, "h": 100 },
    "duration": 100
   },
   "104-Yolo_sheet 155.aseprite": {
    "frame": { "x": 500, "y": 1500, "w": 100, "h": 100 },
    "rotated": false,
    "trimmed": false,
    "spriteSourceSize": { "x": 0, "y": 0, "w": 100, "h": 100 },
    "sourceSize": { "w": 100, "h": 100 },
    "duration": 100
   },
   "104-Yolo_sheet 156.aseprite": {
    "frame": { "x": 600, "y": 1500, "w": 100, "h": 100 },
    "rotated": false,
    "trimmed": false,
    "spriteSourceSize": { "x": 0, "y": 0, "w": 100, "h": 100 },
    "sourceSize": { "w": 100, "h": 100 },
    "duration": 100
   },
   "104-Yolo_sheet 157.aseprite": {
    "frame": { "x": 700, "y": 1500, "w": 100, "h": 100 },
    "rotated": false,
    "trimmed": false,
    "spriteSourceSize": { "x": 0, "y": 0, "w": 100, "h": 100 },
    "sourceSize": { "w": 100, "h": 100 },
    "duration": 100
   },
   "104-Yolo_sheet 158.aseprite": {
    "frame": { "x": 800, "y": 1500, "w": 100, "h": 100 },
    "rotated": false,
    "trimmed": false,
    "spriteSourceSize": { "x": 0, "y": 0, "w": 100, "h": 100 },
    "sourceSize": { "w": 100, "h": 100 },
    "duration": 100
   },
   "104-Yolo_sheet 159.aseprite": {
    "frame": { "x": 900, "y": 1500, "w": 100, "h": 100 },
    "rotated": false,
    "trimmed": false,
    "spriteSourceSize": { "x": 0, "y": 0, "w": 100, "h": 100 },
    "sourceSize": { "w": 100, "h": 100 },
    "duration": 100
   },
   "104-Yolo_sheet 160.aseprite": {
    "frame": { "x": 0, "y": 1600, "w": 100, "h": 100 },
    "rotated": false,
    "trimmed": false,
    "spriteSourceSize": { "x": 0, "y": 0, "w": 100, "h": 100 },
    "sourceSize": { "w": 100, "h": 100 },
    "duration": 100
   },
   "104-Yolo_sheet 161.aseprite": {
    "frame": { "x": 100, "y": 1600, "w": 100, "h": 100 },
    "rotated": false,
    "trimmed": false,
    "spriteSourceSize": { "x": 0, "y": 0, "w": 100, "h": 100 },
    "sourceSize": { "w": 100, "h": 100 },
    "duration": 100
   },
   "104-Yolo_sheet 162.aseprite": {
    "frame": { "x": 200, "y": 1600, "w": 100, "h": 100 },
    "rotated": false,
    "trimmed": false,
    "spriteSourceSize": { "x": 0, "y": 0, "w": 100, "h": 100 },
    "sourceSize": { "w": 100, "h": 100 },
    "duration": 100
   },
   "104-Yolo_sheet 163.aseprite": {
    "frame": { "x": 300, "y": 1600, "w": 100, "h": 100 },
    "rotated": false,
    "trimmed": false,
    "spriteSourceSize": { "x": 0, "y": 0, "w": 100, "h": 100 },
    "sourceSize": { "w": 100, "h": 100 },
    "duration": 100
   },
   "104-Yolo_sheet 164.aseprite": {
    "frame": { "x": 400, "y": 1600, "w": 100, "h": 100 },
    "rotated": false,
    "trimmed": false,
    "spriteSourceSize": { "x": 0, "y": 0, "w": 100, "h": 100 },
    "sourceSize": { "w": 100, "h": 100 },
    "duration": 100
   },
   "104-Yolo_sheet 165.aseprite": {
    "frame": { "x": 500, "y": 1600, "w": 100, "h": 100 },
    "rotated": false,
    "trimmed": false,
    "spriteSourceSize": { "x": 0, "y": 0, "w": 100, "h": 100 },
    "sourceSize": { "w": 100, "h": 100 },
    "duration": 100
   },
   "104-Yolo_sheet 166.aseprite": {
    "frame": { "x": 600, "y": 1600, "w": 100, "h": 100 },
    "rotated": false,
    "trimmed": false,
    "spriteSourceSize": { "x": 0, "y": 0, "w": 100, "h": 100 },
    "sourceSize": { "w": 100, "h": 100 },
    "duration": 100
   },
   "104-Yolo_sheet 167.aseprite": {
    "frame": { "x": 700, "y": 1600, "w": 100, "h": 100 },
    "rotated": false,
    "trimmed": false,
    "spriteSourceSize": { "x": 0, "y": 0, "w": 100, "h": 100 },
    "sourceSize": { "w": 100, "h": 100 },
    "duration": 100
   },
   "104-Yolo_sheet 168.aseprite": {
    "frame": { "x": 800, "y": 1600, "w": 100, "h": 100 },
    "rotated": false,
    "trimmed": false,
    "spriteSourceSize": { "x": 0, "y": 0, "w": 100, "h": 100 },
    "sourceSize": { "w": 100, "h": 100 },
    "duration": 100
   },
   "104-Yolo_sheet 169.aseprite": {
    "frame": { "x": 900, "y": 1600, "w": 100, "h": 100 },
    "rotated": false,
    "trimmed": false,
    "spriteSourceSize": { "x": 0, "y": 0, "w": 100, "h": 100 },
    "sourceSize": { "w": 100, "h": 100 },
    "duration": 100
   },
   "104-Yolo_sheet 170.aseprite": {
    "frame": { "x": 0, "y": 1700, "w": 100, "h": 100 },
    "rotated": false,
    "trimmed": false,
    "spriteSourceSize": { "x": 0, "y": 0, "w": 100, "h": 100 },
    "sourceSize": { "w": 100, "h": 100 },
    "duration": 100
   },
   "104-Yolo_sheet 171.aseprite": {
    "frame": { "x": 100, "y": 1700, "w": 100, "h": 100 },
    "rotated": false,
    "trimmed": false,
    "spriteSourceSize": { "x": 0, "y": 0, "w": 100, "h": 100 },
    "sourceSize": { "w": 100, "h": 100 },
    "duration": 100
   },
   "104-Yolo_sheet 172.aseprite": {
    "frame": { "x": 200, "y": 1700, "w": 100, "h": 100 },
    "rotated": false,
    "trimmed": false,
    "spriteSourceSize": { "x": 0, "y": 0, "w": 100, "h": 100 },
    "sourceSize": { "w": 100, "h": 100 },
    "duration": 100
   },
   "104-Yolo_sheet 173.aseprite": {
    "frame": { "x": 300, "y": 1700, "w": 100, "h": 100 },
    "rotated": false,
    "trimmed": false,
    "spriteSourceSize": { "x": 0, "y": 0, "w": 100, "h": 100 },
    "sourceSize": { "w": 100, "h": 100 },
    "duration": 100
   },
   "104-Yolo_sheet 174.aseprite": {
    "frame": { "x": 400, "y": 1700, "w": 100, "h": 100 },
    "rotated": false,
    "trimmed": false,
    "spriteSourceSize": { "x": 0, "y": 0, "w": 100, "h": 100 },
    "sourceSize": { "w": 100, "h": 100 },
    "duration": 100
   },
   "104-Yolo_sheet 175.aseprite": {
    "frame": { "x": 500, "y": 1700, "w": 100, "h": 100 },
    "rotated": false,
    "trimmed": false,
    "spriteSourceSize": { "x": 0, "y": 0, "w": 100, "h": 100 },
    "sourceSize": { "w": 100, "h": 100 },
    "duration": 100
   },
   "104-Yolo_sheet 176.aseprite": {
    "frame": { "x": 600, "y": 1700, "w": 100, "h": 100 },
    "rotated": false,
    "trimmed": false,
    "spriteSourceSize": { "x": 0, "y": 0, "w": 100, "h": 100 },
    "sourceSize": { "w": 100, "h": 100 },
    "duration": 100
   },
   "104-Yolo_sheet 177.aseprite": {
    "frame": { "x": 700, "y": 1700, "w": 100, "h": 100 },
    "rotated": false,
    "trimmed": false,
    "spriteSourceSize": { "x": 0, "y": 0, "w": 100, "h": 100 },
    "sourceSize": { "w": 100, "h": 100 },
    "duration": 100
   },
   "104-Yolo_sheet 178.aseprite": {
    "frame": { "x": 800, "y": 1700, "w": 100, "h": 100 },
    "rotated": false,
    "trimmed": false,
    "spriteSourceSize": { "x": 0, "y": 0, "w": 100, "h": 100 },
    "sourceSize": { "w": 100, "h": 100 },
    "duration": 100
   },
   "104-Yolo_sheet 179.aseprite": {
    "frame": { "x": 900, "y": 1700, "w": 100, "h": 100 },
    "rotated": false,
    "trimmed": false,
    "spriteSourceSize": { "x": 0, "y": 0, "w": 100, "h": 100 },
    "sourceSize": { "w": 100, "h": 100 },
    "duration": 100
   },
   "104-Yolo_sheet 180.aseprite": {
    "frame": { "x": 0, "y": 1800, "w": 100, "h": 100 },
    "rotated": false,
    "trimmed": false,
    "spriteSourceSize": { "x": 0, "y": 0, "w": 100, "h": 100 },
    "sourceSize": { "w": 100, "h": 100 },
    "duration": 100
   },
   "104-Yolo_sheet 181.aseprite": {
    "frame": { "x": 100, "y": 1800, "w": 100, "h": 100 },
    "rotated": false,
    "trimmed": false,
    "spriteSourceSize": { "x": 0, "y": 0, "w": 100, "h": 100 },
    "sourceSize": { "w": 100, "h": 100 },
    "duration": 100
   },
   "104-Yolo_sheet 182.aseprite": {
    "frame": { "x": 200, "y": 1800, "w": 100, "h": 100 },
    "rotated": false,
    "trimmed": false,
    "spriteSourceSize": { "x": 0, "y": 0, "w": 100, "h": 100 },
    "sourceSize": { "w": 100, "h": 100 },
    "duration": 100
   },
   "104-Yolo_sheet 183.aseprite": {
    "frame": { "x": 300, "y": 1800, "w": 100, "h": 100 },
    "rotated": false,
    "trimmed": false,
    "spriteSourceSize": { "x": 0, "y": 0, "w": 100, "h": 100 },
    "sourceSize": { "w": 100, "h": 100 },
    "duration": 100
   },
   "104-Yolo_sheet 184.aseprite": {
    "frame": { "x": 400, "y": 1800, "w": 100, "h": 100 },
    "rotated": false,
    "trimmed": false,
    "spriteSourceSize": { "x": 0, "y": 0, "w": 100, "h": 100 },
    "sourceSize": { "w": 100, "h": 100 },
    "duration": 100
   },
   "104-Yolo_sheet 185.aseprite": {
    "frame": { "x": 500, "y": 1800, "w": 100, "h": 100 },
    "rotated": false,
    "trimmed": false,
    "spriteSourceSize": { "x": 0, "y": 0, "w": 100, "h": 100 },
    "sourceSize": { "w": 100, "h": 100 },
    "duration": 100
   },
   "104-Yolo_sheet 186.aseprite": {
    "frame": { "x": 600, "y": 1800, "w": 100, "h": 100 },
    "rotated": false,
    "trimmed": false,
    "spriteSourceSize": { "x": 0, "y": 0, "w": 100, "h": 100 },
    "sourceSize": { "w": 100, "h": 100 },
    "duration": 100
   },
   "104-Yolo_sheet 187.aseprite": {
    "frame": { "x": 700, "y": 1800, "w": 100, "h": 100 },
    "rotated": false,
    "trimmed": false,
    "spriteSourceSize": { "x": 0, "y": 0, "w": 100, "h": 100 },
    "sourceSize": { "w": 100, "h": 100 },
    "duration": 100
   },
   "104-Yolo_sheet 188.aseprite": {
    "frame": { "x": 800, "y": 1800, "w": 100, "h": 100 },
    "rotated": false,
    "trimmed": false,
    "spriteSourceSize": { "x": 0, "y": 0, "w": 100, "h": 100 },
    "sourceSize": { "w": 100, "h": 100 },
    "duration": 100
   },
   "104-Yolo_sheet 189.aseprite": {
    "frame": { "x": 900, "y": 1800, "w": 100, "h": 100 },
    "rotated": false,
    "trimmed": false,
    "spriteSourceSize": { "x": 0, "y": 0, "w": 100, "h": 100 },
    "sourceSize": { "w": 100, "h": 100 },
    "duration": 100
   },
   "104-Yolo_sheet 190.aseprite": {
    "frame": { "x": 0, "y": 1900, "w": 100, "h": 100 },
    "rotated": false,
    "trimmed": false,
    "spriteSourceSize": { "x": 0, "y": 0, "w": 100, "h": 100 },
    "sourceSize": { "w": 100, "h": 100 },
    "duration": 100
   },
   "104-Yolo_sheet 191.aseprite": {
    "frame": { "x": 100, "y": 1900, "w": 100, "h": 100 },
    "rotated": false,
    "trimmed": false,
    "spriteSourceSize": { "x": 0, "y": 0, "w": 100, "h": 100 },
    "sourceSize": { "w": 100, "h": 100 },
    "duration": 100
   },
   "104-Yolo_sheet 192.aseprite": {
    "frame": { "x": 200, "y": 1900, "w": 100, "h": 100 },
    "rotated": false,
    "trimmed": false,
    "spriteSourceSize": { "x": 0, "y": 0, "w": 100, "h": 100 },
    "sourceSize": { "w": 100, "h": 100 },
    "duration": 100
   },
   "104-Yolo_sheet 193.aseprite": {
    "frame": { "x": 300, "y": 1900, "w": 100, "h": 100 },
    "rotated": false,
    "trimmed": false,
    "spriteSourceSize": { "x": 0, "y": 0, "w": 100, "h": 100 },
    "sourceSize": { "w": 100, "h": 100 },
    "duration": 100
   },
   "104-Yolo_sheet 194.aseprite": {
    "frame": { "x": 400, "y": 1900, "w": 100, "h": 100 },
    "rotated": false,
    "trimmed": false,
    "spriteSourceSize": { "x": 0, "y": 0, "w": 100, "h": 100 },
    "sourceSize": { "w": 100, "h": 100 },
    "duration": 100
   },
   "104-Yolo_sheet 195.aseprite": {
    "frame": { "x": 500, "y": 1900, "w": 100, "h": 100 },
    "rotated": false,
    "trimmed": false,
    "spriteSourceSize": { "x": 0, "y": 0, "w": 100, "h": 100 },
    "sourceSize": { "w": 100, "h": 100 },
    "duration": 100
   },
   "104-Yolo_sheet 196.aseprite": {
    "frame": { "x": 600, "y": 1900, "w": 100, "h": 100 },
    "rotated": false,
    "trimmed": false,
    "spriteSourceSize": { "x": 0, "y": 0, "w": 100, "h": 100 },
    "sourceSize": { "w": 100, "h": 100 },
    "duration": 100
   },
   "104-Yolo_sheet 197.aseprite": {
    "frame": { "x": 700, "y": 1900, "w": 100, "h": 100 },
    "rotated": false,
    "trimmed": false,
    "spriteSourceSize": { "x": 0, "y": 0, "w": 100, "h": 100 },
    "sourceSize": { "w": 100, "h": 100 },
    "duration": 100
   },
   "104-Yolo_sheet 198.aseprite": {
    "frame": { "x": 800, "y": 1900, "w": 100, "h": 100 },
    "rotated": false,
    "trimmed": false,
    "spriteSourceSize": { "x": 0, "y": 0, "w": 100, "h": 100 },
    "sourceSize": { "w": 100, "h": 100 },
    "duration": 100
   },
   "104-Yolo_sheet 199.aseprite": {
    "frame": { "x": 900, "y": 1900, "w": 100, "h": 100 },
    "rotated": false,
    "trimmed": false,
    "spriteSourceSize": { "x": 0, "y": 0, "w": 100, "h": 100 },
    "sourceSize": { "w": 100, "h": 100 },
    "duration": 100
   },
   "104-Yolo_sheet 200.aseprite": {
    "frame": { "x": 0, "y": 2000, "w": 100, "h": 100 },
    "rotated": false,
    "trimmed": false,
    "spriteSourceSize": { "x": 0, "y": 0, "w": 100, "h": 100 },
    "sourceSize": { "w": 100, "h": 100 },
    "duration": 100
   },
   "104-Yolo_sheet 201.aseprite": {
    "frame": { "x": 100, "y": 2000, "w": 100, "h": 100 },
    "rotated": false,
    "trimmed": false,
    "spriteSourceSize": { "x": 0, "y": 0, "w": 100, "h": 100 },
    "sourceSize": { "w": 100, "h": 100 },
    "duration": 100
   },
   "104-Yolo_sheet 202.aseprite": {
    "frame": { "x": 200, "y": 2000, "w": 100, "h": 100 },
    "rotated": false,
    "trimmed": false,
    "spriteSourceSize": { "x": 0, "y": 0, "w": 100, "h": 100 },
    "sourceSize": { "w": 100, "h": 100 },
    "duration": 100
   },
   "104-Yolo_sheet 203.aseprite": {
    "frame": { "x": 300, "y": 2000, "w": 100, "h": 100 },
    "rotated": false,
    "trimmed": false,
    "spriteSourceSize": { "x": 0, "y": 0, "w": 100, "h": 100 },
    "sourceSize": { "w": 100, "h": 100 },
    "duration": 100
   },
   "104-Yolo_sheet 204.aseprite": {
    "frame": { "x": 400, "y": 2000, "w": 100, "h": 100 },
    "rotated": false,
    "trimmed": false,
    "spriteSourceSize": { "x": 0, "y": 0, "w": 100, "h": 100 },
    "sourceSize": { "w": 100, "h": 100 },
    "duration": 100
   },
   "104-Yolo_sheet 205.aseprite": {
    "frame": { "x": 500, "y": 2000, "w": 100, "h": 100 },
    "rotated": false,
    "trimmed": false,
    "spriteSourceSize": { "x": 0, "y": 0, "w": 100, "h": 100 },
    "sourceSize": { "w": 100, "h": 100 },
    "duration": 100
   },
   "104-Yolo_sheet 206.aseprite": {
    "frame": { "x": 600, "y": 2000, "w": 100, "h": 100 },
    "rotated": false,
    "trimmed": false,
    "spriteSourceSize": { "x": 0, "y": 0, "w": 100, "h": 100 },
    "sourceSize": { "w": 100, "h": 100 },
    "duration": 100
   },
   "104-Yolo_sheet 207.aseprite": {
    "frame": { "x": 700, "y": 2000, "w": 100, "h": 100 },
    "rotated": false,
    "trimmed": false,
    "spriteSourceSize": { "x": 0, "y": 0, "w": 100, "h": 100 },
    "sourceSize": { "w": 100, "h": 100 },
    "duration": 100
   },
   "104-Yolo_sheet 208.aseprite": {
    "frame": { "x": 800, "y": 2000, "w": 100, "h": 100 },
    "rotated": false,
    "trimmed": false,
    "spriteSourceSize": { "x": 0, "y": 0, "w": 100, "h": 100 },
    "sourceSize": { "w": 100, "h": 100 },
    "duration": 100
   },
   "104-Yolo_sheet 209.aseprite": {
    "frame": { "x": 900, "y": 2000, "w": 100, "h": 100 },
    "rotated": false,
    "trimmed": false,
    "spriteSourceSize": { "x": 0, "y": 0, "w": 100, "h": 100 },
    "sourceSize": { "w": 100, "h": 100 },
    "duration": 100
   },
   "104-Yolo_sheet 210.aseprite": {
    "frame": { "x": 0, "y": 2100, "w": 100, "h": 100 },
    "rotated": false,
    "trimmed": false,
    "spriteSourceSize": { "x": 0, "y": 0, "w": 100, "h": 100 },
    "sourceSize": { "w": 100, "h": 100 },
    "duration": 100
   },
   "104-Yolo_sheet 211.aseprite": {
    "frame": { "x": 100, "y": 2100, "w": 100, "h": 100 },
    "rotated": false,
    "trimmed": false,
    "spriteSourceSize": { "x": 0, "y": 0, "w": 100, "h": 100 },
    "sourceSize": { "w": 100, "h": 100 },
    "duration": 100
   },
   "104-Yolo_sheet 212.aseprite": {
    "frame": { "x": 200, "y": 2100, "w": 100, "h": 100 },
    "rotated": false,
    "trimmed": false,
    "spriteSourceSize": { "x": 0, "y": 0, "w": 100, "h": 100 },
    "sourceSize": { "w": 100, "h": 100 },
    "duration": 100
   },
   "104-Yolo_sheet 213.aseprite": {
    "frame": { "x": 300, "y": 2100, "w": 100, "h": 100 },
    "rotated": false,
    "trimmed": false,
    "spriteSourceSize": { "x": 0, "y": 0, "w": 100, "h": 100 },
    "sourceSize": { "w": 100, "h": 100 },
    "duration": 100
   },
   "104-Yolo_sheet 214.aseprite": {
    "frame": { "x": 400, "y": 2100, "w": 100, "h": 100 },
    "rotated": false,
    "trimmed": false,
    "spriteSourceSize": { "x": 0, "y": 0, "w": 100, "h": 100 },
    "sourceSize": { "w": 100, "h": 100 },
    "duration": 100
   },
   "104-Yolo_sheet 215.aseprite": {
    "frame": { "x": 500, "y": 2100, "w": 100, "h": 100 },
    "rotated": false,
    "trimmed": false,
    "spriteSourceSize": { "x": 0, "y": 0, "w": 100, "h": 100 },
    "sourceSize": { "w": 100, "h": 100 },
    "duration": 100
   },
   "104-Yolo_sheet 216.aseprite": {
    "frame": { "x": 600, "y": 2100, "w": 100, "h": 100 },
    "rotated": false,
    "trimmed": false,
    "spriteSourceSize": { "x": 0, "y": 0, "w": 100, "h": 100 },
    "sourceSize": { "w": 100, "h": 100 },
    "duration": 100
   },
   "104-Yolo_sheet 217.aseprite": {
    "frame": { "x": 700, "y": 2100, "w": 100, "h": 100 },
    "rotated": false,
    "trimmed": false,
    "spriteSourceSize": { "x": 0, "y": 0, "w": 100, "h": 100 },
    "sourceSize": { "w": 100, "h": 100 },
    "duration": 100
   },
   "104-Yolo_sheet 218.aseprite": {
    "frame": { "x": 800, "y": 2100, "w": 100, "h": 100 },
    "rotated": false,
    "trimmed": false,
    "spriteSourceSize": { "x": 0, "y": 0, "w": 100, "h": 100 },
    "sourceSize": { "w": 100, "h": 100 },
    "duration": 100
   },
   "104-Yolo_sheet 219.aseprite": {
    "frame": { "x": 900, "y": 2100, "w": 100, "h": 100 },
    "rotated": false,
    "trimmed": false,
    "spriteSourceSize": { "x": 0, "y": 0, "w": 100, "h": 100 },
    "sourceSize": { "w": 100, "h": 100 },
    "duration": 100
   },
   "104-Yolo_sheet 220.aseprite": {
    "frame": { "x": 0, "y": 2200, "w": 100, "h": 100 },
    "rotated": false,
    "trimmed": false,
    "spriteSourceSize": { "x": 0, "y": 0, "w": 100, "h": 100 },
    "sourceSize": { "w": 100, "h": 100 },
    "duration": 100
   },
   "104-Yolo_sheet 221.aseprite": {
    "frame": { "x": 100, "y": 2200, "w": 100, "h": 100 },
    "rotated": false,
    "trimmed": false,
    "spriteSourceSize": { "x": 0, "y": 0, "w": 100, "h": 100 },
    "sourceSize": { "w": 100, "h": 100 },
    "duration": 100
   },
   "104-Yolo_sheet 222.aseprite": {
    "frame": { "x": 200, "y": 2200, "w": 100, "h": 100 },
    "rotated": false,
    "trimmed": false,
    "spriteSourceSize": { "x": 0, "y": 0, "w": 100, "h": 100 },
    "sourceSize": { "w": 100, "h": 100 },
    "duration": 100
   },
   "104-Yolo_sheet 223.aseprite": {
    "frame": { "x": 300, "y": 2200, "w": 100, "h": 100 },
    "rotated": false,
    "trimmed": false,
    "spriteSourceSize": { "x": 0, "y": 0, "w": 100, "h": 100 },
    "sourceSize": { "w": 100, "h": 100 },
    "duration": 100
   },
   "104-Yolo_sheet 224.aseprite": {
    "frame": { "x": 400, "y": 2200, "w": 100, "h": 100 },
    "rotated": false,
    "trimmed": false,
    "spriteSourceSize": { "x": 0, "y": 0, "w": 100, "h": 100 },
    "sourceSize": { "w": 100, "h": 100 },
    "duration": 100
   },
   "104-Yolo_sheet 225.aseprite": {
    "frame": { "x": 500, "y": 2200, "w": 100, "h": 100 },
    "rotated": false,
    "trimmed": false,
    "spriteSourceSize": { "x": 0, "y": 0, "w": 100, "h": 100 },
    "sourceSize": { "w": 100, "h": 100 },
    "duration": 100
   },
   "104-Yolo_sheet 226.aseprite": {
    "frame": { "x": 600, "y": 2200, "w": 100, "h": 100 },
    "rotated": false,
    "trimmed": false,
    "spriteSourceSize": { "x": 0, "y": 0, "w": 100, "h": 100 },
    "sourceSize": { "w": 100, "h": 100 },
    "duration": 100
   },
   "104-Yolo_sheet 227.aseprite": {
    "frame": { "x": 700, "y": 2200, "w": 100, "h": 100 },
    "rotated": false,
    "trimmed": false,
    "spriteSourceSize": { "x": 0, "y": 0, "w": 100, "h": 100 },
    "sourceSize": { "w": 100, "h": 100 },
    "duration": 100
   },
   "104-Yolo_sheet 228.aseprite": {
    "frame": { "x": 800, "y": 2200, "w": 100, "h": 100 },
    "rotated": false,
    "trimmed": false,
    "spriteSourceSize": { "x": 0, "y": 0, "w": 100, "h": 100 },
    "sourceSize": { "w": 100, "h": 100 },
    "duration": 100
   },
   "104-Yolo_sheet 229.aseprite": {
    "frame": { "x": 900, "y": 2200, "w": 100, "h": 100 },
    "rotated": false,
    "trimmed": false,
    "spriteSourceSize": { "x": 0, "y": 0, "w": 100, "h": 100 },
    "sourceSize": { "w": 100, "h": 100 },
    "duration": 100
   },
   "104-Yolo_sheet 230.aseprite": {
    "frame": { "x": 0, "y": 2300, "w": 100, "h": 100 },
    "rotated": false,
    "trimmed": false,
    "spriteSourceSize": { "x": 0, "y": 0, "w": 100, "h": 100 },
    "sourceSize": { "w": 100, "h": 100 },
    "duration": 100
   },
   "104-Yolo_sheet 231.aseprite": {
    "frame": { "x": 100, "y": 2300, "w": 100, "h": 100 },
    "rotated": false,
    "trimmed": false,
    "spriteSourceSize": { "x": 0, "y": 0, "w": 100, "h": 100 },
    "sourceSize": { "w": 100, "h": 100 },
    "duration": 100
   },
   "104-Yolo_sheet 232.aseprite": {
    "frame": { "x": 200, "y": 2300, "w": 100, "h": 100 },
    "rotated": false,
    "trimmed": false,
    "spriteSourceSize": { "x": 0, "y": 0, "w": 100, "h": 100 },
    "sourceSize": { "w": 100, "h": 100 },
    "duration": 100
   },
   "104-Yolo_sheet 233.aseprite": {
    "frame": { "x": 300, "y": 2300, "w": 100, "h": 100 },
    "rotated": false,
    "trimmed": false,
    "spriteSourceSize": { "x": 0, "y": 0, "w": 100, "h": 100 },
    "sourceSize": { "w": 100, "h": 100 },
    "duration": 100
   },
   "104-Yolo_sheet 234.aseprite": {
    "frame": { "x": 400, "y": 2300, "w": 100, "h": 100 },
    "rotated": false,
    "trimmed": false,
    "spriteSourceSize": { "x": 0, "y": 0, "w": 100, "h": 100 },
    "sourceSize": { "w": 100, "h": 100 },
    "duration": 100
   },
   "104-Yolo_sheet 235.aseprite": {
    "frame": { "x": 500, "y": 2300, "w": 100, "h": 100 },
    "rotated": false,
    "trimmed": false,
    "spriteSourceSize": { "x": 0, "y": 0, "w": 100, "h": 100 },
    "sourceSize": { "w": 100, "h": 100 },
    "duration": 100
   },
   "104-Yolo_sheet 236.aseprite": {
    "frame": { "x": 600, "y": 2300, "w": 100, "h": 100 },
    "rotated": false,
    "trimmed": false,
    "spriteSourceSize": { "x": 0, "y": 0, "w": 100, "h": 100 },
    "sourceSize": { "w": 100, "h": 100 },
    "duration": 100
   },
   "104-Yolo_sheet 237.aseprite": {
    "frame": { "x": 700, "y": 2300, "w": 100, "h": 100 },
    "rotated": false,
    "trimmed": false,
    "spriteSourceSize": { "x": 0, "y": 0, "w": 100, "h": 100 },
    "sourceSize": { "w": 100, "h": 100 },
    "duration": 100
   },
   "104-Yolo_sheet 238.aseprite": {
    "frame": { "x": 800, "y": 2300, "w": 100, "h": 100 },
    "rotated": false,
    "trimmed": false,
    "spriteSourceSize": { "x": 0, "y": 0, "w": 100, "h": 100 },
    "sourceSize": { "w": 100, "h": 100 },
    "duration": 100
   },
   "104-Yolo_sheet 239.aseprite": {
    "frame": { "x": 900, "y": 2300, "w": 100, "h": 100 },
    "rotated": false,
    "trimmed": false,
    "spriteSourceSize": { "x": 0, "y": 0, "w": 100, "h": 100 },
    "sourceSize": { "w": 100, "h": 100 },
    "duration": 100
   },
   "104-Yolo_sheet 240.aseprite": {
    "frame": { "x": 0, "y": 2400, "w": 100, "h": 100 },
    "rotated": false,
    "trimmed": false,
    "spriteSourceSize": { "x": 0, "y": 0, "w": 100, "h": 100 },
    "sourceSize": { "w": 100, "h": 100 },
    "duration": 100
   },
   "104-Yolo_sheet 241.aseprite": {
    "frame": { "x": 100, "y": 2400, "w": 100, "h": 100 },
    "rotated": false,
    "trimmed": false,
    "spriteSourceSize": { "x": 0, "y": 0, "w": 100, "h": 100 },
    "sourceSize": { "w": 100, "h": 100 },
    "duration": 100
   },
   "104-Yolo_sheet 242.aseprite": {
    "frame": { "x": 200, "y": 2400, "w": 100, "h": 100 },
    "rotated": false,
    "trimmed": false,
    "spriteSourceSize": { "x": 0, "y": 0, "w": 100, "h": 100 },
    "sourceSize": { "w": 100, "h": 100 },
    "duration": 100
   },
   "104-Yolo_sheet 243.aseprite": {
    "frame": { "x": 300, "y": 2400, "w": 100, "h": 100 },
    "rotated": false,
    "trimmed": false,
    "spriteSourceSize": { "x": 0, "y": 0, "w": 100, "h": 100 },
    "sourceSize": { "w": 100, "h": 100 },
    "duration": 100
   },
   "104-Yolo_sheet 244.aseprite": {
    "frame": { "x": 400, "y": 2400, "w": 100, "h": 100 },
    "rotated": false,
    "trimmed": false,
    "spriteSourceSize": { "x": 0, "y": 0, "w": 100, "h": 100 },
    "sourceSize": { "w": 100, "h": 100 },
    "duration": 100
   },
   "104-Yolo_sheet 245.aseprite": {
    "frame": { "x": 500, "y": 2400, "w": 100, "h": 100 },
    "rotated": false,
    "trimmed": false,
    "spriteSourceSize": { "x": 0, "y": 0, "w": 100, "h": 100 },
    "sourceSize": { "w": 100, "h": 100 },
    "duration": 100
   },
   "104-Yolo_sheet 246.aseprite": {
    "frame": { "x": 600, "y": 2400, "w": 100, "h": 100 },
    "rotated": false,
    "trimmed": false,
    "spriteSourceSize": { "x": 0, "y": 0, "w": 100, "h": 100 },
    "sourceSize": { "w": 100, "h": 100 },
    "duration": 100
   },
   "104-Yolo_sheet 247.aseprite": {
    "frame": { "x": 700, "y": 2400, "w": 100, "h": 100 },
    "rotated": false,
    "trimmed": false,
    "spriteSourceSize": { "x": 0, "y": 0, "w": 100, "h": 100 },
    "sourceSize": { "w": 100, "h": 100 },
    "duration": 100
   },
   "104-Yolo_sheet 248.aseprite": {
    "frame": { "x": 800, "y": 2400, "w": 100, "h": 100 },
    "rotated": false,
    "trimmed": false,
    "spriteSourceSize": { "x": 0, "y": 0, "w": 100, "h": 100 },
    "sourceSize": { "w": 100, "h": 100 },
    "duration": 100
   },
   "104-Yolo_sheet 249.aseprite": {
    "frame": { "x": 900, "y": 2400, "w": 100, "h": 100 },
    "rotated": false,
    "trimmed": false,
    "spriteSourceSize": { "x": 0, "y": 0, "w": 100, "h": 100 },
    "sourceSize": { "w": 100, "h": 100 },
    "duration": 100
   },
   "104-Yolo_sheet 250.aseprite": {
    "frame": { "x": 0, "y": 2500, "w": 100, "h": 100 },
    "rotated": false,
    "trimmed": false,
    "spriteSourceSize": { "x": 0, "y": 0, "w": 100, "h": 100 },
    "sourceSize": { "w": 100, "h": 100 },
    "duration": 100
   },
   "104-Yolo_sheet 251.aseprite": {
    "frame": { "x": 100, "y": 2500, "w": 100, "h": 100 },
    "rotated": false,
    "trimmed": false,
    "spriteSourceSize": { "x": 0, "y": 0, "w": 100, "h": 100 },
    "sourceSize": { "w": 100, "h": 100 },
    "duration": 100
   },
   "104-Yolo_sheet 252.aseprite": {
    "frame": { "x": 200, "y": 2500, "w": 100, "h": 100 },
    "rotated": false,
    "trimmed": false,
    "spriteSourceSize": { "x": 0, "y": 0, "w": 100, "h": 100 },
    "sourceSize": { "w": 100, "h": 100 },
    "duration": 100
   },
   "104-Yolo_sheet 253.aseprite": {
    "frame": { "x": 300, "y": 2500, "w": 100, "h": 100 },
    "rotated": false,
    "trimmed": false,
    "spriteSourceSize": { "x": 0, "y": 0, "w": 100, "h": 100 },
    "sourceSize": { "w": 100, "h": 100 },
    "duration": 100
   },
   "104-Yolo_sheet 254.aseprite": {
    "frame": { "x": 400, "y": 2500, "w": 100, "h": 100 },
    "rotated": false,
    "trimmed": false,
    "spriteSourceSize": { "x": 0, "y": 0, "w": 100, "h": 100 },
    "sourceSize": { "w": 100, "h": 100 },
    "duration": 100
   },
   "104-Yolo_sheet 255.aseprite": {
    "frame": { "x": 500, "y": 2500, "w": 100, "h": 100 },
    "rotated": false,
    "trimmed": false,
    "spriteSourceSize": { "x": 0, "y": 0, "w": 100, "h": 100 },
    "sourceSize": { "w": 100, "h": 100 },
    "duration": 100
   }
 },
 "meta": {
  "app": "http://www.aseprite.org/",
  "version": "1.2.9-x64",
  "image": "104-Yolo_sheet.png",
  "format": "RGBA8888",
  "size": { "w": 1000, "h": 2600 },
  "scale": "1",
  "frameTags": [
   { "name": "W_0", "from": 0, "to": 9, "direction": "forward" },
   { "name": "W_45", "from": 10, "to": 19, "direction": "forward" },
   { "name": "W_315", "from": 20, "to": 29, "direction": "forward" },
   { "name": "W_shoot_0", "from": 30, "to": 39, "direction": "forward" },
   { "name": "W_shoot_45", "from": 40, "to": 49, "direction": "forward" },
   { "name": "W_shoot_315", "from": 50, "to": 59, "direction": "forward" },
   { "name": "Flat", "from": 60, "to": 71, "direction": "forward" },
   { "name": "F_0", "from": 60, "to": 61, "direction": "forward" },
   { "name": "F_45", "from": 62, "to": 63, "direction": "forward" },
   { "name": "F_90", "from": 64, "to": 65, "direction": "forward" },
   { "name": "F_270", "from": 66, "to": 67, "direction": "forward" },
   { "name": "F_315", "from": 68, "to": 69, "direction": "forward" },
   { "name": "F_duck", "from": 70, "to": 71, "direction": "forward" },
   { "name": "Monkey", "from": 72, "to": 95, "direction": "forward" },
   { "name": "M_idle", "from": 72, "to": 75, "direction": "forward" },
   { "name": "M_0", "from": 76, "to": 77, "direction": "forward" },
   { "name": "M_45", "from": 78, "to": 79, "direction": "forward" },
   { "name": "M_90", "from": 80, "to": 81, "direction": "forward" },
   { "name": "M_270", "from": 82, "to": 83, "direction": "forward" },
   { "name": "M_315", "from": 84, "to": 85, "direction": "forward" },
   { "name": "M_move", "from": 86, "to": 95, "direction": "forward" },
   { "name": "Climb", "from": 96, "to": 121, "direction": "forward" },
   { "name": "C_idle", "from": 96, "to": 97, "direction": "forward" },
   { "name": "C_0", "from": 98, "to": 99, "direction": "forward" },
   { "name": "C_45", "from": 100, "to": 101, "direction": "forward" },
   { "name": "W_90", "from": 102, "to": 103, "direction": "forward" },
   { "name": "C_135", "from": 104, "to": 105, "direction": "forward" },
   { "name": "C_180", "from": 106, "to": 107, "direction": "forward" },
   { "name": "C_225", "from": 108, "to": 109, "direction": "forward" },
   { "name": "C_270", "from": 110, "to": 111, "direction": "forward" },
   { "name": "C_315", "from": 112, "to": 113, "direction": "forward" },
   { "name": "C_move", "from": 114, "to": 121, "direction": "forward" },
   { "name": "Bike", "from": 122, "to": 172, "direction": "forward" },
   { "name": "B_idle", "from": 122, "to": 124, "direction": "forward" },
   { "name": "B_0", "from": 125, "to": 130, "direction": "forward" },
   { "name": "B_45", "from": 131, "to": 136, "direction": "forward" },
   { "name": "B_90", "from": 137, "to": 142, "direction": "forward" },
   { "name": "B_135", "from": 143, "to": 148, "direction": "forward" },
   { "name": "B_180", "from": 149, "to": 154, "direction": "forward" },
   { "name": "B_225", "from": 155, "to": 160, "direction": "forward" },
   { "name": "B_270", "from": 161, "to": 166, "direction": "forward" },
   { "name": "B_315", "from": 167, "to": 172, "direction": "forward" },
   { "name": "jump", "from": 173, "to": 180, "direction": "forward" },
   { "name": "dead_fly", "from": 181, "to": 188, "direction": "forward" },
   { "name": "dead", "from": 189, "to": 190, "direction": "forward" },
   { "name": "idle", "from": 191, "to": 206, "direction": "forward" },
   { "name": "wait", "from": 207, "to": 249, "direction": "forward" },
   { "name": "V_pose", "from": 250, "to": 255, "direction": "forward" }
  ]
 }
}
